,month,province,quarter_x,year,totalcases,numdeaths,population,quarter_y,numtotal_atleast1dose,numtotal_fully,quarter,vaccination_score_atleast1dose,vaccination_score_fully
0,2,Alberta,1,2020,0,0,,,,,,,
1,3,Alberta,1,2020,665,1,,,,,,,
2,4,Alberta,2,2020,4228,84,4414332.0,2.0,,,,,
3,5,Alberta,2,2020,6934,144,,,,,,,
4,6,Alberta,2,2020,7939,154,,,,,,,
5,7,Alberta,3,2020,10228,184,4416682.0,3.0,,,,,
6,8,Alberta,3,2020,13693,237,,,,,,,
7,9,Alberta,3,2020,17590,262,,,,,,,
8,10,Alberta,4,2020,28558,333,4421857.0,4.0,,,,,
9,11,Alberta,4,2020,56040,567,,,,,,,
10,12,Alberta,4,2020,97394,1117,,,4792.0,0.0,4.0,,
11,1,Alberta,1,2021,124036,1744,4429077.0,1.0,90238.0,15994.0,1.0,0.020373996658897553,0.0036111361351360565
12,2,Alberta,1,2021,133403,1905,,,139961.0,87407.0,1.0,,
13,3,Alberta,1,2021,146145,1987,,,504407.0,96131.0,1.0,,
14,4,Alberta,2,2021,181429,2070,4436944.0,2.0,1127370.0,270640.0,2.0,0.2540870473010252,0.060996938433300035
15,5,Alberta,2,2021,227108,2223,,,2357833.0,379920.0,2.0,,
16,6,Alberta,2,2021,231782,2297,,,2663494.0,1292072.0,2.0,,
17,7,Alberta,3,2021,234765,2324,4443773.0,3.0,2825516.0,2465550.0,3.0,0.6358371590988109,0.5548325713307138
18,8,Alberta,3,2021,251100,2372,,,2898859.0,2616799.0,3.0,,
19,9,Alberta,3,2021,291738,2670,,,3089325.0,2763880.0,3.0,,
20,10,Alberta,4,2021,323966,3119,4466124.0,4.0,3244251.0,3005696.0,4.0,0.7264131045174742,0.6729987792546737
21,11,Alberta,4,2021,335032,3245,,,3351130.0,3149338.0,4.0,,
22,12,Alberta,4,2021,352832,3303,,,3442633.0,3192081.0,4.0,,
23,1,Alberta,1,2022,490582,3579,4482385.0,1.0,3522746.0,3274722.0,1.0,0.7859088409407046,0.7305757983751954
24,2,Alberta,1,2022,524226,3918,,,3541971.0,3340544.0,1.0,,
25,3,Alberta,1,2022,538943,4068,,,3549634.0,3366905.0,1.0,,
26,4,Alberta,2,2022,568719,4315,4502858.0,2.0,3556699.0,3382557.0,2.0,0.7898758965972278,0.7512022364462748
27,5,Alberta,2,2022,582642,4526,,,3564293.0,3393170.0,2.0,,
28,6,Alberta,2,2022,588197,4614,,,3569539.0,3400971.0,2.0,,
29,7,Alberta,3,2022,595544,4691,4543111.0,3.0,3573383.0,3407087.0,3.0,0.7865497893403881,0.7499457970540451
30,8,Alberta,3,2022,601942,4801,,,3585477.0,3413386.0,3.0,,
31,9,Alberta,3,2022,606787,4911,,,3596158.0,3418439.0,3.0,,
32,10,Alberta,4,2022,613625,5090,,,3601165.0,3423392.0,4.0,,
33,11,Alberta,4,2022,616339,5137,,,3605381.0,3429733.0,4.0,,
34,2,British Columbia,1,2020,7,0,,,,,,,
35,3,British Columbia,1,2020,884,16,,,,,,,
36,4,British Columbia,2,2020,1948,100,5150199.0,2.0,,,,,
37,5,British Columbia,2,2020,2573,164,,,,,,,
38,6,British Columbia,2,2020,2878,174,,,,,,,
39,7,British Columbia,3,2020,3419,191,5155495.0,3.0,,,,,
40,8,British Columbia,3,2020,5496,204,,,,,,,
41,9,British Columbia,3,2020,8641,230,,,,,,,
42,10,British Columbia,4,2020,14733,263,5151920.0,4.0,,,,,
43,11,British Columbia,4,2020,31634,410,,,,,,,
44,12,British Columbia,4,2020,49568,847,,,12447.0,0.0,4.0,,
45,1,British Columbia,1,2021,67187,1189,5157293.0,1.0,135503.0,4592.0,1.0,0.026274055012969012,0.0008903895900426832
46,2,British Columbia,1,2021,79909,1355,,,192763.0,84022.0,1.0,,
47,3,British Columbia,1,2021,96613,1452,,,613971.0,87439.0,1.0,,
48,4,British Columbia,2,2021,124639,1563,5176360.0,2.0,1543285.0,89169.0,2.0,0.29814097164803066,0.017226197559675138
49,5,British Columbia,2,2021,143839,1699,,,3063827.0,180584.0,2.0,,
50,6,British Columbia,2,2021,147475,1749,,,3549916.0,1319651.0,2.0,,
51,7,British Columbia,3,2021,150049,1771,5202378.0,3.0,3757483.0,3095931.0,3.0,0.7222625883778534,0.5950992027107603
52,8,British Columbia,3,2021,164329,1807,,,3888929.0,3531323.0,3.0,,
53,9,British Columbia,3,2021,183417,1922,,,4047010.0,3719131.0,3.0,,
54,10,British Columbia,4,2021,205482,2156,5238713.0,4.0,4150753.0,3941769.0,4.0,0.7923230381202406,0.7524307974115017
55,11,British Columbia,4,2021,217487,2322,,,4194552.0,4038459.0,4.0,,
56,12,British Columbia,4,2021,238210,2414,,,4358089.0,4083118.0,4.0,,
57,1,British Columbia,1,2022,322265,2597,5251578.0,1.0,4456918.0,4145077.0,1.0,0.8486816724420736,0.789301234790762
58,2,British Columbia,1,2022,347729,2851,,,4494515.0,4264133.0,1.0,,
59,3,British Columbia,1,2022,355299,2983,,,4505751.0,4314412.0,1.0,,
60,4,British Columbia,2,2022,365577,3226,5273809.0,2.0,4514531.0,4337495.0,2.0,0.856028536490419,0.822459630221724
61,5,British Columbia,2,2022,371720,3547,,,4518189.0,4347866.0,2.0,,
62,6,British Columbia,2,2022,374594,3747,,,4524033.0,4357594.0,2.0,,
63,7,British Columbia,3,2022,379274,3940,5319324.0,3.0,4527735.0,4363364.0,3.0,0.8511861657609124,0.820285434765771
64,8,British Columbia,3,2022,382436,4145,,,4543239.0,4365514.0,3.0,,
65,9,British Columbia,3,2022,384900,4283,,,4556344.0,4369842.0,3.0,,
66,10,British Columbia,4,2022,387936,4525,,,4560777.0,4374904.0,4.0,,
67,11,British Columbia,4,2022,388984,4607,,,4567535.0,4386791.0,4.0,,
68,2,Manitoba,1,2020,0,0,,,,,,,
69,3,Manitoba,1,2020,64,1,,,,,,,
70,4,Manitoba,2,2020,267,6,1379138.0,2.0,,,,,
71,5,Manitoba,2,2020,294,7,,,,,,,
72,6,Manitoba,2,2020,322,7,,,,,,,
73,7,Manitoba,3,2020,388,7,1379888.0,3.0,,,,,
74,8,Manitoba,3,2020,1151,14,,,,,,,
75,9,Manitoba,3,2020,1829,19,,,,,,,
76,10,Manitoba,4,2020,5723,67,1381572.0,4.0,,,,,
77,11,Manitoba,4,2020,16118,290,,,,,,,
78,12,Manitoba,4,2020,23624,617,,,2177.0,0.0,4.0,,
79,1,Manitoba,1,2021,29446,825,1384025.0,1.0,32441.0,8503.0,1.0,0.02343960549845559,0.006143675150376619
80,2,Manitoba,1,2021,31809,893,,,46651.0,28976.0,1.0,,
81,3,Manitoba,1,2021,33867,933,,,117810.0,54940.0,1.0,,
82,4,Manitoba,2,2021,37339,967,1388726.0,2.0,349534.0,71415.0,2.0,0.2516939986721643,0.0514248311041919
83,5,Manitoba,2,2021,50498,1045,,,728662.0,105636.0,2.0,,
84,6,Manitoba,2,2021,55878,1138,,,870030.0,435269.0,2.0,,
85,7,Manitoba,3,2021,57620,1178,1391979.0,3.0,958899.0,849694.0,3.0,0.6888746166429235,0.6104215652678668
86,8,Manitoba,3,2021,58608,1189,,,983935.0,914349.0,3.0,,
87,9,Manitoba,3,2021,60100,1208,,,1018930.0,959560.0,3.0,,
88,10,Manitoba,4,2021,63450,1247,1395430.0,4.0,1046884.0,1004618.0,4.0,0.7502232286821984,0.7199343571515591
89,11,Manitoba,4,2021,67544,1311,,,1066767.0,1024753.0,4.0,,
90,12,Manitoba,4,2021,74358,1370,,,1119954.0,1033967.0,4.0,,
91,1,Manitoba,1,2022,118862,1543,1398303.0,1.0,1142241.0,1061548.0,1.0,0.8168765997069305,0.7591687924577148
92,2,Manitoba,1,2022,130277,1675,,,1150490.0,1093993.0,1.0,,
93,3,Manitoba,1,2022,135214,1744,,,1153245.0,1105079.0,1.0,,
94,4,Manitoba,2,2022,141973,1819,1401967.0,2.0,1147979.0,1103840.0,2.0,0.8188345374748478,0.7873509148218182
95,5,Manitoba,2,2022,144556,1980,,,1148563.0,1105592.0,2.0,,
96,6,Manitoba,2,2022,145498,2043,,,1149061.0,1106889.0,2.0,,
97,7,Manitoba,3,2022,146524,2067,1409223.0,3.0,1149563.0,1107887.0,3.0,0.8157424339511915,0.7861686901221453
98,8,Manitoba,3,2022,148428,2115,,,1151447.0,1108763.0,3.0,,
99,9,Manitoba,3,2022,149908,2160,,,1154499.0,1109400.0,3.0,,
100,10,Manitoba,4,2022,151730,2232,,,1156113.0,1109962.0,4.0,,
101,11,Manitoba,4,2022,152345,2261,,,1157581.0,1111326.0,4.0,,
102,2,New Brunswick,1,2020,0,0,,,,,,,
103,3,New Brunswick,1,2020,51,0,,,,,,,
104,4,New Brunswick,2,2020,118,0,782092.0,2.0,,,,,
105,5,New Brunswick,2,2020,129,0,,,,,,,
106,6,New Brunswick,2,2020,165,2,,,,,,,
107,7,New Brunswick,3,2020,170,2,782996.0,3.0,,,,,
108,8,New Brunswick,3,2020,191,2,,,,,,,
109,9,New Brunswick,3,2020,200,2,,,,,,,
110,10,New Brunswick,4,2020,343,6,783354.0,4.0,,,,,
111,11,New Brunswick,4,2020,481,7,,,,,,,
112,12,New Brunswick,4,2020,590,8,,,2606.0,0.0,4.0,,
113,1,New Brunswick,1,2021,1230,18,784472.0,1.0,12791.0,4465.0,1.0,0.01630523460365698,0.00569172640961054
114,2,New Brunswick,1,2021,1430,26,,,21686.0,12136.0,1.0,,
115,3,New Brunswick,1,2021,1571,30,,,80202.0,12199.0,1.0,,
116,4,New Brunswick,2,2021,1847,35,786529.0,2.0,219402.0,24223.0,2.0,0.27894966364876567,0.030797338686812566
117,5,New Brunswick,2,2021,2191,43,,,432208.0,40896.0,2.0,,
118,6,New Brunswick,2,2021,2324,45,,,531232.0,199865.0,2.0,,
119,7,New Brunswick,3,2021,2365,46,790398.0,3.0,565140.0,469595.0,3.0,0.7150068699566547,0.5941247320969941
120,8,New Brunswick,3,2021,2738,46,,,581869.0,519791.0,3.0,,
121,9,New Brunswick,3,2021,3768,54,,,613699.0,558164.0,3.0,,
122,10,New Brunswick,4,2021,6413,116,795851.0,4.0,642512.0,597819.0,4.0,0.8073269996519449,0.7511695028340732
123,11,New Brunswick,4,2021,8172,123,,,650596.0,617755.0,4.0,,
124,12,New Brunswick,4,2021,11896,152,,,677944.0,625614.0,4.0,,
125,1,New Brunswick,1,2022,28442,228,799245.0,1.0,692969.0,637702.0,1.0,0.8670295090992124,0.7978804997216122
126,2,New Brunswick,1,2022,36417,301,,,697325.0,654931.0,1.0,,
127,3,New Brunswick,1,2022,48197,349,,,698387.0,658647.0,1.0,,
128,4,New Brunswick,2,2022,62148,399,802862.0,2.0,699082.0,660235.0,2.0,0.8707374368197772,0.822351786483854
129,5,New Brunswick,2,2022,65812,419,,,699634.0,661121.0,2.0,,
130,6,New Brunswick,2,2022,67725,425,,,700332.0,662105.0,2.0,,
131,7,New Brunswick,3,2022,72226,447,812061.0,3.0,700900.0,662796.0,3.0,0.8631125001693223,0.8161899167673364
132,8,New Brunswick,3,2022,75152,466,,,701527.0,663118.0,3.0,,
133,9,New Brunswick,3,2022,77460,485,,,703168.0,663952.0,3.0,,
134,10,New Brunswick,4,2022,80715,592,,,703820.0,664490.0,4.0,,
135,11,New Brunswick,4,2022,81787,603,,,704159.0,664984.0,4.0,,
136,2,Newfoundland and Labrador,1,2020,0,0,,,,,,,
137,3,Newfoundland and Labrador,1,2020,120,0,,,,,,,
138,4,Newfoundland and Labrador,2,2020,257,3,522505.0,2.0,,,,,
139,5,Newfoundland and Labrador,2,2020,261,3,,,,,,,
140,6,Newfoundland and Labrador,2,2020,261,3,,,,,,,
141,7,Newfoundland and Labrador,3,2020,265,3,521359.0,3.0,,,,,
142,8,Newfoundland and Labrador,3,2020,269,3,,,,,,,
143,9,Newfoundland and Labrador,3,2020,272,3,,,,,,,
144,10,Newfoundland and Labrador,4,2020,291,4,520203.0,4.0,,,,,
145,11,Newfoundland and Labrador,4,2020,333,4,,,,,,,
146,12,Newfoundland and Labrador,4,2020,384,4,,,1785.0,0.0,4.0,,
147,1,Newfoundland and Labrador,1,2021,408,4,519736.0,1.0,8353.0,2762.0,1.0,0.01607162097680361,0.005314236458509705
148,2,Newfoundland and Labrador,1,2021,980,5,,,16623.0,8212.0,1.0,,
149,3,Newfoundland and Labrador,1,2021,1015,6,,,51244.0,9647.0,1.0,,
150,4,Newfoundland and Labrador,2,2021,1056,6,519694.0,2.0,147423.0,9696.0,2.0,0.2836726997040566,0.01865713285125478
151,5,Newfoundland and Labrador,2,2021,1302,6,,,290038.0,11446.0,2.0,,
152,6,Newfoundland and Labrador,2,2021,1384,7,,,378807.0,79374.0,2.0,,
153,7,Newfoundland and Labrador,3,2021,1437,7,520452.0,3.0,403456.0,268363.0,3.0,0.7752030926963486,0.5156344869459624
154,8,Newfoundland and Labrador,3,2021,1469,7,,,416570.0,362859.0,3.0,,
155,9,Newfoundland and Labrador,3,2021,1668,7,,,426570.0,387043.0,3.0,,
156,10,Newfoundland and Labrador,4,2021,1992,16,521854.0,4.0,451476.0,419100.0,4.0,0.8651385253346722,0.8030981845497016
157,11,Newfoundland and Labrador,4,2021,2048,18,,,461243.0,438506.0,4.0,,
158,12,Newfoundland and Labrador,4,2021,2512,18,,,485454.0,447320.0,4.0,,
159,1,Newfoundland and Labrador,1,2022,16966,38,522501.0,1.0,495133.0,458347.0,1.0,0.9476211528781763,0.8772174598708902
160,2,Newfoundland and Labrador,1,2022,23443,65,,,497920.0,473994.0,1.0,,
161,3,Newfoundland and Labrador,1,2022,36624,100,,,498548.0,477452.0,1.0,,
162,4,Newfoundland and Labrador,2,2022,44251,165,523043.0,2.0,498904.0,478765.0,2.0,0.9538489187313471,0.9153453922526447
163,5,Newfoundland and Labrador,2,2022,45964,183,,,499354.0,479708.0,2.0,,
164,6,Newfoundland and Labrador,2,2022,47773,193,,,499706.0,480313.0,2.0,,
165,7,Newfoundland and Labrador,3,2022,49748,207,525972.0,3.0,500017.0,480724.0,3.0,0.9506532667138174,0.9139726069068316
166,8,Newfoundland and Labrador,3,2022,51111,227,,,501184.0,481112.0,3.0,,
167,9,Newfoundland and Labrador,3,2022,51743,239,,,502160.0,481372.0,3.0,,
168,10,Newfoundland and Labrador,4,2022,52802,257,,,502638.0,481608.0,4.0,,
169,11,Newfoundland and Labrador,4,2022,53150,268,,,503396.0,482298.0,4.0,,
170,2,Northwest Territories,1,2020,0,0,,,,,,,
171,3,Northwest Territories,1,2020,1,0,,,,,,,
172,4,Northwest Territories,2,2020,5,0,45351.0,2.0,,,,,
173,5,Northwest Territories,2,2020,5,0,,,,,,,
174,6,Northwest Territories,2,2020,5,0,,,,,,,
175,7,Northwest Territories,3,2020,5,0,45346.0,3.0,,,,,
176,8,Northwest Territories,3,2020,5,0,,,,,,,
177,9,Northwest Territories,3,2020,5,0,,,,,,,
178,10,Northwest Territories,4,2020,10,0,45275.0,4.0,,,,,
179,11,Northwest Territories,4,2020,15,0,,,,,,,
180,12,Northwest Territories,4,2020,24,0,,,0.0,0.0,4.0,,
181,1,Northwest Territories,1,2021,31,0,45355.0,1.0,12240.0,118.0,1.0,0.26987101752838716,0.0026016977180024253
182,2,Northwest Territories,1,2021,42,0,,,15214.0,4558.0,1.0,,
183,3,Northwest Territories,1,2021,42,0,,,23721.0,13931.0,1.0,,
184,4,Northwest Territories,2,2021,49,0,45660.0,2.0,25856.0,20941.0,2.0,0.5662724485326325,0.45862899693385895
185,5,Northwest Territories,2,2021,128,0,,,29585.0,23919.0,2.0,,
186,6,Northwest Territories,2,2021,128,0,,,26936.0,23785.0,2.0,,
187,7,Northwest Territories,3,2021,128,0,45597.0,3.0,28084.0,25966.0,3.0,0.6159177138846854,0.5694672895146611
188,8,Northwest Territories,3,2021,380,1,,,29276.0,27263.0,3.0,,
189,9,Northwest Territories,3,2021,870,2,,,30187.0,28240.0,3.0,,
190,10,Northwest Territories,4,2021,1847,10,45607.0,4.0,31342.0,29512.0,4.0,0.6872190672484487,0.6470936479049268
191,11,Northwest Territories,4,2021,2055,12,,,32084.0,30474.0,4.0,,
192,12,Northwest Territories,4,2021,2088,12,,,34048.0,31045.0,4.0,,
193,1,Northwest Territories,1,2022,5607,15,45710.0,1.0,34725.0,32141.0,1.0,0.7596805950557864,0.7031502953401881
194,2,Northwest Territories,1,2022,8656,19,,,34961.0,33217.0,1.0,,
195,3,Northwest Territories,1,2022,10374,21,,,35049.0,33463.0,1.0,,
196,4,Northwest Territories,2,2022,11348,22,45698.0,2.0,35085.0,33580.0,2.0,0.7677578887478664,0.7348242811501597
197,5,Northwest Territories,2,2022,11466,22,,,35127.0,33662.0,2.0,,
198,6,Northwest Territories,2,2022,11508,22,,,35159.0,33706.0,2.0,,
199,2,Nova Scotia,1,2020,0,0,,,,,,,
200,3,Nova Scotia,1,2020,102,0,,,,,,,
201,4,Nova Scotia,2,2020,849,20,979075.0,2.0,,,,,
202,5,Nova Scotia,2,2020,1055,59,,,,,,,
203,6,Nova Scotia,2,2020,1061,63,,,,,,,
204,7,Nova Scotia,3,2020,1067,63,981691.0,3.0,,,,,
205,8,Nova Scotia,3,2020,1084,65,,,,,,,
206,9,Nova Scotia,3,2020,1087,65,,,,,,,
207,10,Nova Scotia,4,2020,1110,65,981266.0,4.0,,,,,
208,11,Nova Scotia,4,2020,1272,65,,,,,,,
209,12,Nova Scotia,4,2020,1469,65,,,2218.0,0.0,4.0,,
210,1,Nova Scotia,1,2021,1578,65,981793.0,1.0,12090.0,2729.0,1.0,0.012314204725436014,0.002779608328843249
211,2,Nova Scotia,1,2021,1633,65,,,19734.0,12618.0,1.0,,
212,3,Nova Scotia,1,2021,1705,66,,,64681.0,24294.0,1.0,,
213,4,Nova Scotia,2,2021,2034,67,985238.0,2.0,238566.0,34815.0,2.0,0.24214047773228398,0.03533663947188395
214,5,Nova Scotia,2,2021,5501,83,,,537868.0,43461.0,2.0,,
215,6,Nova Scotia,2,2021,5820,91,,,698309.0,168241.0,2.0,,
216,7,Nova Scotia,3,2021,5886,93,991117.0,3.0,736474.0,617379.0,3.0,0.7430747328519236,0.622912330229428
217,8,Nova Scotia,3,2021,6014,94,,,755395.0,687598.0,3.0,,
218,9,Nova Scotia,3,2021,6511,95,,,778358.0,721789.0,3.0,,
219,10,Nova Scotia,4,2021,7371,100,998387.0,4.0,809673.0,763168.0,4.0,0.8109811125345182,0.7644009787787701
220,11,Nova Scotia,4,2021,8183,109,,,823590.0,790048.0,4.0,,
221,12,Nova Scotia,4,2021,14301,111,,,868894.0,803331.0,4.0,,
222,1,Nova Scotia,1,2022,37200,142,1002441.0,1.0,887053.0,813733.0,1.0,0.884892976244986,0.8117515145529762
223,2,Nova Scotia,1,2022,45351,192,,,896522.0,843118.0,1.0,,
224,3,Nova Scotia,1,2022,53825,241,,,898705.0,849216.0,1.0,,
225,4,Nova Scotia,2,2022,89225,330,1007360.0,2.0,899803.0,853043.0,2.0,0.893228835768742,0.8468104749047014
226,5,Nova Scotia,2,2022,99688,397,,,900733.0,855308.0,2.0,,
227,6,Nova Scotia,2,2022,106633,441,,,901462.0,856948.0,2.0,,
228,7,Nova Scotia,3,2022,115417,468,1019725.0,3.0,902193.0,858015.0,3.0,0.8847414744171223,0.8414180293706637
229,8,Nova Scotia,3,2022,121380,496,,,905508.0,859437.0,3.0,,
230,9,Nova Scotia,3,2022,125474,541,,,907253.0,860389.0,3.0,,
231,10,Nova Scotia,4,2022,130534,598,,,908614.0,861971.0,4.0,,
232,11,Nova Scotia,4,2022,131825,628,,,909865.0,863894.0,4.0,,
233,2,Nunavut,1,2020,0,0,,,,,,,
234,3,Nunavut,1,2020,0,0,,,,,,,
235,4,Nunavut,2,2020,0,0,38834.0,2.0,,,,,
236,5,Nunavut,2,2020,0,0,,,,,,,
237,6,Nunavut,2,2020,0,0,,,,,,,
238,7,Nunavut,3,2020,0,0,39157.0,3.0,,,,,
239,8,Nunavut,3,2020,0,0,,,,,,,
240,9,Nunavut,3,2020,0,0,,,,,,,
241,10,Nunavut,4,2020,0,0,39254.0,4.0,,,,,
242,11,Nunavut,4,2020,166,0,,,,,,,
243,12,Nunavut,4,2020,264,1,,,0.0,0.0,4.0,,
244,1,Nunavut,1,2021,289,1,39405.0,1.0,5464.0,0.0,1.0,0.13866260626824006,0.0
245,2,Nunavut,1,2021,356,1,,,7396.0,5081.0,1.0,,
246,3,Nunavut,1,2021,395,4,,,13141.0,6857.0,1.0,,
247,4,Nunavut,2,2021,453,4,39519.0,2.0,15158.0,12180.0,2.0,0.38356233710367166,0.3082061793061565
248,5,Nunavut,2,2021,645,4,,,17230.0,14943.0,2.0,,
249,6,Nunavut,2,2021,657,4,,,21050.0,16151.0,2.0,,
250,7,Nunavut,3,2021,657,4,39711.0,3.0,22920.0,19808.0,3.0,0.5771700536375312,0.4988038578731334
251,8,Nunavut,3,2021,657,4,,,23696.0,20880.0,3.0,,
252,9,Nunavut,3,2021,663,4,,,24701.0,21655.0,3.0,,
253,10,Nunavut,4,2021,674,4,39921.0,4.0,26260.0,22977.0,4.0,0.6577991533278225,0.5755617344254903
254,11,Nunavut,4,2021,674,4,,,27196.0,24010.0,4.0,,
255,12,Nunavut,4,2021,695,4,,,30150.0,25173.0,4.0,,
256,1,Nunavut,1,2022,1657,5,40003.0,1.0,31672.0,26536.0,1.0,0.791740619453541,0.6633502487313452
257,2,Nunavut,1,2022,2690,5,,,32635.0,28597.0,1.0,,
258,3,Nunavut,1,2022,3441,6,,,32932.0,29419.0,1.0,,
259,4,Nunavut,2,2022,3506,7,40403.0,2.0,33105.0,30036.0,2.0,0.819369848773606,0.7434101428111773
260,2,Ontario,1,2020,8,0,,,,,,,
261,3,Ontario,1,2020,993,0,,,,,,,
262,4,Ontario,2,2020,13995,807,14718133.0,2.0,,,,,
263,5,Ontario,2,2020,27533,2227,,,,,,,
264,6,Ontario,2,2020,34476,2618,,,,,,,
265,7,Ontario,3,2020,38543,2722,14726022.0,3.0,,,,,
266,8,Ontario,3,2020,42083,2771,,,,,,,
267,9,Ontario,3,2020,49340,2799,,,,,,,
268,10,Ontario,4,2020,75730,3085,14721852.0,4.0,,,,,
269,11,Ontario,4,2020,113038,3548,,,,,,,
270,12,Ontario,4,2020,169411,4258,,,,,,,
271,1,Ontario,1,2021,266363,6005,14740102.0,1.0,270795.0,68849.0,1.0,0.01837131113475334,0.00467086320026822
272,2,Ontario,1,2021,299754,6783,,,425162.0,261923.0,1.0,,
273,3,Ontario,1,2021,340692,7111,,,1672351.0,309157.0,1.0,,
274,4,Ontario,2,2021,441404,7663,14773618.0,2.0,4268812.0,360337.0,2.0,0.28894831313494096,0.02439057243797694
275,5,Ontario,2,2021,529510,8478,,,8298869.0,689636.0,2.0,,
276,6,Ontario,2,2021,543917,8858,,,9864684.0,4169080.0,2.0,,
277,7,Ontario,3,2021,550436,9079,14809257.0,3.0,10485065.0,9037576.0,3.0,0.7080074982829996,0.6102653225614222
278,8,Ontario,3,2021,563591,9227,,,10797333.0,9913501.0,3.0,,
279,9,Ontario,3,2021,583275,9422,,,11191067.0,10464086.0,3.0,,
280,10,Ontario,4,2021,599615,9586,14901607.0,4.0,11497222.0,11020020.0,4.0,0.7715424249210169,0.739518898867753
281,11,Ontario,4,2021,616051,9705,,,11678129.0,11253853.0,4.0,,
282,12,Ontario,4,2021,687336,9857,,,12114044.0,11352387.0,4.0,,
283,1,Ontario,1,2022,1026291,10945,14940912.0,1.0,12396636.0,11677203.0,1.0,0.8297107967706389,0.7815589168853949
284,2,Ontario,1,2022,1098695,11939,,,12489709.0,11947990.0,1.0,,
285,3,Ontario,1,2022,1151090,12397,,,12518007.0,12042918.0,1.0,,
286,4,Ontario,2,2022,1258137,12825,14996014.0,2.0,12537186.0,12083146.0,2.0,0.8360345622510088,0.8057571832088181
287,5,Ontario,2,2022,1301018,13223,,,12555600.0,12110509.0,2.0,,
288,6,Ontario,2,2022,1321827,13388,,,12566850.0,12130628.0,2.0,,
289,7,Ontario,3,2022,1371369,13656,15109416.0,3.0,12573708.0,12144279.0,3.0,0.8321769683222701,0.8037556845347299
290,8,Ontario,3,2022,1411638,13986,,,12611718.0,12161242.0,3.0,,
291,9,Ontario,3,2022,1444227,14312,,,12644274.0,12176392.0,3.0,,
292,10,Ontario,4,2022,1492399,14765,,,12658798.0,12189717.0,4.0,,
293,11,Ontario,4,2022,1507773,15016,,,12670372.0,12204172.0,4.0,,
294,2,Prince Edward Island,1,2020,0,0,,,,,,,
295,3,Prince Edward Island,1,2020,13,0,,,,,,,
296,4,Prince Edward Island,2,2020,27,0,160390.0,2.0,,,,,
297,5,Prince Edward Island,2,2020,27,0,,,,,,,
298,6,Prince Edward Island,2,2020,27,0,,,,,,,
299,7,Prince Edward Island,3,2020,36,0,161305.0,3.0,,,,,
300,8,Prince Edward Island,3,2020,44,0,,,,,,,
301,9,Prince Edward Island,3,2020,58,0,,,,,,,
302,10,Prince Edward Island,4,2020,64,0,161455.0,4.0,,,,,
303,11,Prince Edward Island,4,2020,71,0,,,,,,,
304,12,Prince Edward Island,4,2020,94,0,,,1147.0,0.0,4.0,,
305,1,Prince Edward Island,1,2021,112,0,161662.0,1.0,5281.0,2565.0,1.0,0.03266692234415014,0.015866437381697615
306,2,Prince Edward Island,1,2021,127,0,,,7366.0,5212.0,1.0,,
307,3,Prince Edward Island,1,2021,156,0,,,15297.0,6399.0,1.0,,
308,4,Prince Edward Island,2,2021,176,0,162866.0,2.0,39598.0,10279.0,2.0,0.2431323910453993,0.06311323419252637
309,5,Prince Edward Island,2,2021,202,0,,,79894.0,13430.0,2.0,,
310,6,Prince Edward Island,2,2021,207,0,,,114423.0,28349.0,2.0,,
311,7,Prince Edward Island,3,2021,208,0,164758.0,3.0,124520.0,80243.0,3.0,0.7557751368674055,0.48703553089986523
312,8,Prince Edward Island,3,2021,230,0,,,128206.0,113247.0,3.0,,
313,9,Prince Edward Island,3,2021,292,0,,,131514.0,121117.0,3.0,,
314,10,Prince Edward Island,4,2021,317,0,166435.0,4.0,136054.0,128396.0,4.0,0.8174602697749872,0.7714483131552858
315,11,Prince Edward Island,4,2021,366,0,,,138096.0,132372.0,4.0,,
316,12,Prince Edward Island,4,2021,737,0,,,143591.0,134022.0,4.0,,
317,1,Prince Edward Island,1,2022,7462,10,166858.0,1.0,148228.0,137055.0,1.0,0.888348176293615,0.8213870476692756
318,2,Prince Edward Island,1,2022,13361,16,,,149486.0,141198.0,1.0,,
319,3,Prince Edward Island,1,2022,24747,17,,,149858.0,143316.0,1.0,,
320,4,Prince Edward Island,2,2022,34935,26,168358.0,2.0,150047.0,143778.0,2.0,0.8912377196212832,0.8540015918459474
321,5,Prince Edward Island,2,2022,37850,33,,,150208.0,144156.0,2.0,,
322,6,Prince Edward Island,2,2022,40460,45,,,150342.0,144404.0,2.0,,
323,7,Prince Edward Island,3,2022,46818,49,170688.0,3.0,150494.0,144589.0,3.0,0.8816905699287589,0.8470952849643795
324,8,Prince Edward Island,3,2022,49834,54,,,151064.0,144876.0,3.0,,
325,9,Prince Edward Island,3,2022,51604,60,,,151533.0,145045.0,3.0,,
326,10,Prince Edward Island,4,2022,53561,69,,,151856.0,145396.0,4.0,,
327,11,Prince Edward Island,4,2022,53977,74,,,151856.0,145396.0,4.0,,
328,2,Quebec,1,2020,0,0,,,,,,,
329,3,Quebec,1,2020,2368,44,,,,,,,
330,4,Quebec,2,2020,22279,2092,8574709.0,2.0,,,,,
331,5,Quebec,2,2020,44400,5137,,,,,,,
332,6,Quebec,2,2020,48230,5613,,,,,,,
333,7,Quebec,3,2020,51498,5715,8576595.0,3.0,,,,,
334,8,Quebec,3,2020,55193,5782,,,,,,,
335,9,Quebec,3,2020,65273,5852,,,,,,,
336,10,Quebec,4,2020,99959,6364,8578733.0,4.0,,,,,
337,11,Quebec,4,2020,133885,7147,,,,,,,
338,12,Quebec,4,2020,186322,8255,,,17216.0,0.0,4.0,,
339,1,Quebec,1,2021,254884,9984,8579010.0,1.0,239497.0,,1.0,0.02791662441237392,
340,2,Quebec,1,2021,279518,10518,,,431743.0,,1.0,,
341,3,Quebec,1,2021,301134,10730,,,1218798.0,,1.0,,
342,4,Quebec,2,2021,339011,10960,8585460.0,2.0,2773237.0,51745.0,2.0,0.32301554022731455,0.006027050385186117
343,5,Quebec,2,2021,364996,11200,,,5077148.0,558178.0,2.0,,
344,6,Quebec,2,2021,369725,11264,,,5996065.0,2160492.0,2.0,,
345,7,Quebec,3,2021,372896,11285,8602335.0,3.0,6239810.0,5016232.0,3.0,0.7253623580109354,0.5831244656247403
346,8,Quebec,3,2021,383764,11297,,,6459256.0,5961147.0,3.0,,
347,9,Quebec,3,2021,403084,11372,,,6655867.0,6348319.0,3.0,,
348,10,Quebec,4,2021,420963,11516,8630187.0,4.0,6771585.0,6570886.0,4.0,0.7846394290181661,0.7613839653764165
349,11,Quebec,4,2021,440435,11592,,,6879325.0,6661236.0,4.0,,
350,12,Quebec,4,2021,547901,11713,,,7237204.0,6730721.0,4.0,,
351,1,Quebec,1,2022,861296,13425,8637650.0,1.0,7347364.0,6921928.0,1.0,0.8506207128096184,0.8013670384884778
352,2,Quebec,1,2022,920179,14216,,,7378905.0,7100097.0,1.0,,
353,3,Quebec,1,2022,957155,14560,,,7375911.0,7135530.0,1.0,,
354,4,Quebec,2,2022,1045754,15293,8650692.0,2.0,7383002.0,7154729.0,2.0,0.8534579661372755,0.8270701349672374
355,5,Quebec,2,2022,1068198,15631,,,7381371.0,7153225.0,2.0,,
356,6,Quebec,2,2022,1089727,15752,,,7386846.0,7163818.0,2.0,,
357,7,Quebec,3,2022,1147773,16199,8695659.0,3.0,7379815.0,7160009.0,3.0,0.8486780587877238,0.823400388630695
358,8,Quebec,3,2022,1175614,16569,,,6992043.0,,3.0,,
359,9,Quebec,3,2022,1196148,16756,,,7001338.0,,3.0,,
360,10,Quebec,4,2022,1227241,17051,,,7007061.0,,4.0,,
361,11,Quebec,4,2022,1238235,17151,,,7012548.0,,4.0,,
362,2,Saskatchewan,1,2020,0,0,,,,,,,
363,3,Saskatchewan,1,2020,134,0,,,,,,,
364,4,Saskatchewan,2,2020,349,4,1179409.0,2.0,,,,,
365,5,Saskatchewan,2,2020,645,10,,,,,,,
366,6,Saskatchewan,2,2020,777,13,,,,,,,
367,7,Saskatchewan,3,2020,1136,16,1178467.0,3.0,,,,,
368,8,Saskatchewan,3,2020,1615,24,,,,,,,
369,9,Saskatchewan,3,2020,1863,24,,,,,,,
370,10,Saskatchewan,4,2020,3144,25,1177980.0,4.0,,,,,
371,11,Saskatchewan,4,2020,7888,45,,,,,,,
372,12,Saskatchewan,4,2020,14615,134,,,1783.0,0.0,4.0,,
373,1,Saskatchewan,1,2021,23626,300,1179119.0,1.0,27229.0,3072.0,1.0,0.023092664947303877,0.0026053350001144925
374,2,Saskatchewan,1,2021,28506,385,,,46304.0,23462.0,1.0,,
375,3,Saskatchewan,1,2021,32783,430,,,134582.0,36299.0,1.0,,
376,4,Saskatchewan,2,2021,39683,473,1181040.0,2.0,360112.0,43598.0,2.0,0.30491092596355757,0.03691492244123823
377,5,Saskatchewan,2,2021,46464,537,,,642416.0,83214.0,2.0,,
378,6,Saskatchewan,2,2021,48706,566,,,709997.0,402730.0,2.0,,
379,7,Saskatchewan,3,2021,50024,578,1181493.0,3.0,749397.0,648037.0,3.0,0.6342796783391861,0.5484899191108199
380,8,Saskatchewan,3,2021,53617,597,,,768596.0,687339.0,3.0,,
381,9,Saskatchewan,3,2021,64949,667,,,805652.0,722744.0,3.0,,
382,10,Saskatchewan,4,2021,77494,850,1182984.0,4.0,856404.0,788759.0,4.0,0.7239354040291331,0.6667537346236297
383,11,Saskatchewan,4,2021,80848,921,,,886161.0,825785.0,4.0,,
384,12,Saskatchewan,4,2021,83086,945,,,925351.0,844535.0,4.0,,
385,1,Saskatchewan,1,2022,116511,989,1185311.0,1.0,947640.0,886024.0,1.0,0.7994863795240237,0.7475033978424228
386,2,Saskatchewan,1,2022,128263,1137,,,952107.0,897725.0,1.0,,
387,3,Saskatchewan,1,2022,132172,1232,,,953659.0,902005.0,1.0,,
388,4,Saskatchewan,2,2022,136667,1324,1188338.0,2.0,954862.0,904384.0,2.0,0.8035272792757616,0.7610494657243982
389,5,Saskatchewan,2,2022,138558,1386,,,956011.0,906170.0,2.0,,
390,6,Saskatchewan,2,2022,139661,1427,,,956978.0,907599.0,2.0,,
391,7,Saskatchewan,3,2022,141051,1459,1194803.0,3.0,957815.0,908652.0,3.0,0.8016509834675675,0.7605036144033787
392,8,Saskatchewan,3,2022,142781,1503,,,961405.0,909178.0,3.0,,
393,9,Saskatchewan,3,2022,144704,1550,,,964698.0,910408.0,3.0,,
394,10,Saskatchewan,4,2022,147688,1640,,,966450.0,912116.0,4.0,,
395,11,Saskatchewan,4,2022,148288,1662,,,968768.0,914297.0,4.0,,
396,2,Yukon,1,2020,0,0,,,,,,,
397,3,Yukon,1,2020,4,0,,,,,,,
398,4,Yukon,2,2020,11,0,42015.0,2.0,,,,,
399,5,Yukon,2,2020,11,0,,,,,,,
400,6,Yukon,2,2020,11,0,,,,,,,
401,7,Yukon,3,2020,14,0,42163.0,3.0,,,,,
402,8,Yukon,3,2020,15,0,,,,,,,
403,9,Yukon,3,2020,15,0,,,,,,,
404,10,Yukon,4,2020,23,1,42327.0,4.0,,,,,
405,11,Yukon,4,2020,44,1,,,,,,,
406,12,Yukon,4,2020,60,1,,,0.0,0.0,4.0,,
407,1,Yukon,1,2021,70,1,42401.0,1.0,7355.0,0.0,1.0,0.17346289002617862,0.0
408,2,Yukon,1,2021,72,1,,,10959.0,4802.0,1.0,,
409,3,Yukon,1,2021,73,1,,,23028.0,10760.0,1.0,,
410,4,Yukon,2,2021,80,1,42719.0,2.0,24817.0,21527.0,2.0,0.5809358833306023,0.5039209719328636
411,5,Yukon,2,2021,84,2,,,27042.0,24149.0,2.0,,
412,6,Yukon,2,2021,264,4,,,30432.0,26660.0,2.0,,
413,7,Yukon,3,2021,596,7,43250.0,3.0,31869.0,29571.0,3.0,0.7368554913294798,0.6837225433526012
414,8,Yukon,3,2021,684,8,,,32419.0,30628.0,3.0,,
415,9,Yukon,3,2021,747,9,,,32699.0,31159.0,3.0,,
416,10,Yukon,4,2021,923,10,43373.0,4.0,33328.0,31797.0,4.0,0.7684043068268277,0.733105849261061
417,11,Yukon,4,2021,1486,13,,,33892.0,32312.0,4.0,,
418,12,Yukon,4,2021,1668,14,,,35825.0,32811.0,4.0,,
419,1,Yukon,1,2022,3076,16,43241.0,1.0,36341.0,33356.0,1.0,0.840429222265905,0.7713975162461553
420,2,Yukon,1,2022,3438,21,,,36501.0,34612.0,1.0,,
421,3,Yukon,1,2022,3737,24,,,36538.0,34996.0,1.0,,
422,4,Yukon,2,2022,4203,25,43518.0,2.0,36571.0,35176.0,2.0,0.8403649064754815,0.8083092053862769
423,5,Yukon,2,2022,4381,26,,,36640.0,35308.0,2.0,,
424,6,Yukon,2,2022,4456,26,,,36658.0,35388.0,2.0,,
425,7,Yukon,3,2022,4682,26,43789.0,3.0,36677.0,35451.0,3.0,0.8375847815661468,0.8095868825504122
426,8,Yukon,3,2022,4817,30,,,36651.0,35440.0,3.0,,
427,9,Yukon,3,2022,4891,31,,,36851.0,35517.0,3.0,,
428,10,Yukon,4,2022,4954,32,,,36884.0,35567.0,4.0,,
429,11,Yukon,4,2022,4974,32,,,37018.0,35664.0,4.0,,
