,month,province,quarter_x,year,totalcases,numdeaths,population,quarter_y,numtotal_atleast1dose,numtotal_fully,quarter,vaccination_score_atleast1dose,vaccination_score_fully,new_cases,new_deaths,new_vaccination,death_score,new_death_score,case_score,new_case_score,new_death_by_case
0,2,Alberta,1,2020,0,0,,,,,,,,,,,,,,,
1,3,Alberta,1,2020,665,1,,,,,,,,665.0,1.0,,,,,,0.0015037593984962407
2,4,Alberta,2,2020,4228,84,4414332.0,2.0,,,,,,3563.0,83.0,,1.9028926686982312e-05,1.8802391845470615e-05,0.000957789309911443,0.0008071436403061663,0.02329497614369913
3,5,Alberta,2,2020,6934,144,,,,,,,,2706.0,60.0,,,,,,0.022172949002217297
4,6,Alberta,2,2020,7939,154,,,,,,,,1005.0,10.0,,,,,,0.009950248756218905
5,7,Alberta,3,2020,10228,184,4416682.0,3.0,,,,,,2289.0,30.0,,4.166023272673921e-05,6.792429248924872e-06,0.002315765545266786,0.0005182623516929677,0.01310615989515072
6,8,Alberta,3,2020,13693,237,,,,,,,,3465.0,53.0,,,,,,0.015295815295815297
7,9,Alberta,3,2020,17590,262,,,,,,,,3897.0,25.0,,,,,,0.006415191172696947
8,10,Alberta,4,2020,28558,333,4421857.0,4.0,,,,,,10968.0,71.0,,7.530772704770869e-05,1.6056602463625578e-05,0.006458372579665059,0.002480405856634441,0.006473377097009482
9,11,Alberta,4,2020,56040,567,,,,,,,,27482.0,234.0,,,,,,0.008514664143803218
10,12,Alberta,4,2020,97394,1117,,,4792.0,0.0,4.0,,,41354.0,550.0,,,,,,0.013299801712047202
11,1,Alberta,1,2021,124036,1744,4429077.0,1.0,90238.0,15994.0,1.0,0.0203739966588975,0.003611136135136,26642.0,627.0,85446.0,0.0003937614992920647,0.00014156448397713563,0.028004931953090905,0.0060152487753091675,0.023534269199009084
12,2,Alberta,1,2021,133403,1905,,,139961.0,87407.0,1.0,,,9367.0,161.0,49723.0,,,,,0.017188000427031065
13,3,Alberta,1,2021,146145,1987,,,504407.0,96131.0,1.0,,,12742.0,82.0,364446.0,,,,,0.0064354104536179565
14,4,Alberta,2,2021,181429,2070,4436944.0,2.0,1127370.0,270640.0,2.0,0.2540870473010252,0.0609969384333,35284.0,83.0,622963.0,0.00046653732839540006,1.870656920619237e-05,0.04089053186156959,0.007952320335798693,0.0023523410044212676
15,5,Alberta,2,2021,227108,2223,,,2357833.0,379920.0,2.0,,,45679.0,153.0,1230463.0,,,,,0.0033494603647190174
16,6,Alberta,2,2021,231782,2297,,,2663494.0,1292072.0,2.0,,,4674.0,74.0,305661.0,,,,,0.015832263585793753
17,7,Alberta,3,2021,234765,2324,4443773.0,3.0,2825516.0,2465550.0,3.0,0.6358371590988109,0.5548325713307138,2983.0,27.0,162022.0,0.0005229790090537928,6.075917919299658e-06,0.052830106308310525,0.0006712764130841067,0.009051290646999664
18,8,Alberta,3,2021,251100,2372,,,2898859.0,2616799.0,3.0,,,16335.0,48.0,73343.0,,,,,0.002938475665748393
19,9,Alberta,3,2021,291738,2670,,,3089325.0,2763880.0,3.0,,,40638.0,298.0,190466.0,,,,,0.007333038043210788
20,10,Alberta,4,2021,323966,3119,4466124.0,4.0,3244251.0,3005696.0,4.0,0.7264131045174742,0.6729987792546737,32228.0,449.0,154926.0,0.0006983684286419275,0.0001005346022636183,0.07253851438070237,0.007216100582966348,0.0139319846096562
21,11,Alberta,4,2021,335032,3245,,,3351130.0,3149338.0,4.0,,,11066.0,126.0,106879.0,,,,,0.01138622808602928
22,12,Alberta,4,2021,352832,3303,,,3442633.0,3192081.0,4.0,,,17800.0,58.0,91503.0,,,,,0.003258426966292135
23,1,Alberta,1,2022,490582,3579,4482385.0,1.0,3522746.0,3274722.0,1.0,0.7859088409407046,0.7305757983751954,137750.0,276.0,80113.0,0.0007984588561669736,6.157436275554197e-05,0.10944664503383801,0.03073140749846343,0.0020036297640653356
24,2,Alberta,1,2022,524226,3918,,,3541971.0,3340544.0,1.0,,,33644.0,339.0,19225.0,,,,,0.01007609083343241
25,3,Alberta,1,2022,538943,4068,,,3549634.0,3366905.0,1.0,,,14717.0,150.0,7663.0,,,,,0.0101922946252633
26,4,Alberta,2,2022,568719,4315,4502858.0,2.0,3556699.0,3382557.0,2.0,0.7898758965972278,0.7512022364462748,29776.0,247.0,7065.0,0.000958280274439034,5.4854050471944705e-05,0.12630178433341668,0.006612689096569335,0.008295271359484149
27,5,Alberta,2,2022,582642,4526,,,3564293.0,3393170.0,2.0,,,13923.0,211.0,7594.0,,,,,0.015154779860662214
28,6,Alberta,2,2022,588197,4614,,,3569539.0,3400971.0,2.0,,,5555.0,88.0,5246.0,,,,,0.015841584158415842
29,7,Alberta,3,2022,595544,4691,4543111.0,3.0,3573383.0,3407087.0,3.0,0.7865497893403881,0.7499457970540451,7347.0,77.0,3844.0,0.0010325523633474946,1.6948738430560027e-05,0.13108726597259016,0.00161717378245876,0.010480468218320403
30,8,Alberta,3,2022,601942,4801,,,3585477.0,3413386.0,3.0,,,6398.0,110.0,12094.0,,,,,0.017192872772741483
31,9,Alberta,3,2022,606787,4911,,,3596158.0,3418439.0,3.0,,,4845.0,110.0,10681.0,,,,,0.022703818369453045
32,10,Alberta,4,2022,613625,5090,,,3601165.0,3423392.0,4.0,,,6838.0,179.0,5007.0,,,,,0.026177244808423514
33,11,Alberta,4,2022,616339,5137,,,3605381.0,3429733.0,4.0,,,2714.0,47.0,4216.0,,,,,0.017317612380250553
34,2,British Columbia,1,2020,7,0,,,,,,,,,,,,,,,
35,3,British Columbia,1,2020,884,16,,,,,,,,877.0,16.0,,,,,,0.018244013683010263
36,4,British Columbia,2,2020,1948,100,5150199.0,2.0,,,,,,1064.0,84.0,,1.9416725450802967e-05,1.6310049378674494e-05,0.0003782378117816418,0.0002065939587965436,0.07894736842105263
37,5,British Columbia,2,2020,2573,164,,,,,,,,625.0,64.0,,,,,,0.1024
38,6,British Columbia,2,2020,2878,174,,,,,,,,305.0,10.0,,,,,,0.03278688524590164
39,7,British Columbia,3,2020,3419,191,5155495.0,3.0,,,,,,541.0,17.0,,3.7047848945639555e-05,3.2974525239574475e-06,0.0006631758929065007,0.00010493657738005758,0.031423290203327174
40,8,British Columbia,3,2020,5496,204,,,,,,,,2077.0,13.0,,,,,,0.006259027443428021
41,9,British Columbia,3,2020,8641,230,,,,,,,,3145.0,26.0,,,,,,0.008267090620031796
42,10,British Columbia,4,2020,14733,263,5151920.0,4.0,,,,,,6092.0,33.0,,5.10489293312008e-05,6.405378965511887e-06,0.002859710554511716,0.0011824717775120732,0.005416940249507551
43,11,British Columbia,4,2020,31634,410,,,,,,,,16901.0,147.0,,,,,,0.008697710194663038
44,12,British Columbia,4,2020,49568,847,,,12447.0,0.0,4.0,,,17934.0,437.0,,,,,,0.024367123898739823
45,1,British Columbia,1,2021,67187,1189,5157293.0,1.0,135503.0,4592.0,1.0,0.026274055012969,0.0008903895900426,17619.0,342.0,123056.0,0.00023054730456462333,6.631385884028695e-05,0.013027570859363624,0.0034163271313070636,0.01941086327260344
46,2,British Columbia,1,2021,79909,1355,,,192763.0,84022.0,1.0,,,12722.0,166.0,57260.0,,,,,0.01304826285175287
47,3,British Columbia,1,2021,96613,1452,,,613971.0,87439.0,1.0,,,16704.0,97.0,421208.0,,,,,0.005806992337164751
48,4,British Columbia,2,2021,124639,1563,5176360.0,2.0,1543285.0,89169.0,2.0,0.2981409716480306,0.0172261975596751,28026.0,111.0,929314.0,0.00030194963256033195,2.1443639932307646e-05,0.02407850304074678,0.005414229303989676,0.003960608006850781
49,5,British Columbia,2,2021,143839,1699,,,3063827.0,180584.0,2.0,,,19200.0,136.0,1520542.0,,,,,0.007083333333333333
50,6,British Columbia,2,2021,147475,1749,,,3549916.0,1319651.0,2.0,,,3636.0,50.0,486089.0,,,,,0.013751375137513752
51,7,British Columbia,3,2021,150049,1771,5202378.0,3.0,3757483.0,3095931.0,3.0,0.7222625883778534,0.5950992027107603,2574.0,22.0,207567.0,0.00034042124582258347,4.228835351833335e-06,0.02884238707760182,0.0004947737361645001,0.008547008547008548
52,8,British Columbia,3,2021,164329,1807,,,3888929.0,3531323.0,3.0,,,14280.0,36.0,131446.0,,,,,0.0025210084033613447
53,9,British Columbia,3,2021,183417,1922,,,4047010.0,3719131.0,3.0,,,19088.0,115.0,158081.0,,,,,0.006024727577535624
54,10,British Columbia,4,2021,205482,2156,5238713.0,4.0,4150753.0,3941769.0,4.0,0.7923230381202406,0.7524307974115017,22065.0,234.0,103743.0,0.00041155146311699074,4.466745935499807e-05,0.03922375591104151,0.00421191235328219,0.010605030591434398
55,11,British Columbia,4,2021,217487,2322,,,4194552.0,4038459.0,4.0,,,12005.0,166.0,43799.0,,,,,0.013827571845064557
56,12,British Columbia,4,2021,238210,2414,,,4358089.0,4083118.0,4.0,,,20723.0,92.0,163537.0,,,,,0.004439511653718091
57,1,British Columbia,1,2022,322265,2597,5251578.0,1.0,4456918.0,4145077.0,1.0,0.8486816724420736,0.789301234790762,84055.0,183.0,98829.0,0.0004945180286763331,3.484666894407738e-05,0.061365364848432226,0.016005665344778274,0.0021771459163642854
58,2,British Columbia,1,2022,347729,2851,,,4494515.0,4264133.0,1.0,,,25464.0,254.0,37597.0,,,,,0.009974866478165253
59,3,British Columbia,1,2022,355299,2983,,,4505751.0,4314412.0,1.0,,,7570.0,132.0,11236.0,,,,,0.017437252311756937
60,4,British Columbia,2,2022,365577,3226,5273809.0,2.0,4514531.0,4337495.0,2.0,0.856028536490419,0.822459630221724,10278.0,243.0,8780.0,0.0006117020923586728,4.60767540121381e-05,0.06931934774277947,0.001948876040068952,0.023642732049036778
61,5,British Columbia,2,2022,371720,3547,,,4518189.0,4347866.0,2.0,,,6143.0,321.0,3658.0,,,,,0.052254598730262086
62,6,British Columbia,2,2022,374594,3747,,,4524033.0,4357594.0,2.0,,,2874.0,200.0,5844.0,,,,,0.06958942240779402
63,7,British Columbia,3,2022,379274,3940,5319324.0,3.0,4527735.0,4363364.0,3.0,0.8511861657609124,0.820285434765771,4680.0,193.0,3702.0,0.0007406956222256813,3.6282805860293524e-05,0.07130116533604645,0.000879811043658931,0.04123931623931624
64,8,British Columbia,3,2022,382436,4145,,,4543239.0,4365514.0,3.0,,,3162.0,205.0,15504.0,,,,,0.06483238456672992
65,9,British Columbia,3,2022,384900,4283,,,4556344.0,4369842.0,3.0,,,2464.0,138.0,13105.0,,,,,0.056006493506493504
66,10,British Columbia,4,2022,387936,4525,,,4560777.0,4374904.0,4.0,,,3036.0,242.0,4433.0,,,,,0.07971014492753623
67,11,British Columbia,4,2022,388984,4607,,,4567535.0,4386791.0,4.0,,,1048.0,82.0,6758.0,,,,,0.07824427480916031
68,2,Manitoba,1,2020,0,0,,,,,,,,,,,,,,,
69,3,Manitoba,1,2020,64,1,,,,,,,,64.0,1.0,,,,,,0.015625
70,4,Manitoba,2,2020,267,6,1379138.0,2.0,,,,,,203.0,5.0,,4.350543600422873e-06,3.625453000352394e-06,0.00019359919021881783,0.0001471933918143072,0.024630541871921183
71,5,Manitoba,2,2020,294,7,,,,,,,,27.0,1.0,,,,,,0.037037037037037035
72,6,Manitoba,2,2020,322,7,,,,,,,,28.0,0.0,,,,,,0.0
73,7,Manitoba,3,2020,388,7,1379888.0,3.0,,,,,,66.0,0.0,,5.072875479749081e-06,0.0,0.0002811822408775205,4.7829968809062764e-05,0.0
74,8,Manitoba,3,2020,1151,14,,,,,,,,763.0,7.0,,,,,,0.009174311926605505
75,9,Manitoba,3,2020,1829,19,,,,,,,,678.0,5.0,,,,,,0.007374631268436578
76,10,Manitoba,4,2020,5723,67,1381572.0,4.0,,,,,,3894.0,48.0,,4.8495481958233084e-05,3.474303185067445e-05,0.0041423827350293724,0.0028185284588859646,0.012326656394453005
77,11,Manitoba,4,2020,16118,290,,,,,,,,10395.0,223.0,,,,,,0.021452621452621452
78,12,Manitoba,4,2020,23624,617,,,2177.0,0.0,4.0,,,7506.0,327.0,,,,,,0.043565147881694646
79,1,Manitoba,1,2021,29446,825,1384025.0,1.0,32441.0,8503.0,1.0,0.0234396054984555,0.0061436751503766,5822.0,208.0,30264.0,0.000596087498419465,0.00015028630263181662,0.021275627246617655,0.004206571413088636,0.035726554448643075
80,2,Manitoba,1,2021,31809,893,,,46651.0,28976.0,1.0,,,2363.0,68.0,14210.0,,,,,0.02877697841726619
81,3,Manitoba,1,2021,33867,933,,,117810.0,54940.0,1.0,,,2058.0,40.0,71159.0,,,,,0.019436345966958212
82,4,Manitoba,2,2021,37339,967,1388726.0,2.0,349534.0,71415.0,2.0,0.2516939986721643,0.0514248311041919,3472.0,34.0,231724.0,0.0006963216646048248,2.4482871351152063e-05,0.026887233334725497,0.0025001332156235285,0.009792626728110598
83,5,Manitoba,2,2021,50498,1045,,,728662.0,105636.0,2.0,,,13159.0,78.0,379128.0,,,,,0.005927502089824455
84,6,Manitoba,2,2021,55878,1138,,,870030.0,435269.0,2.0,,,5380.0,93.0,141368.0,,,,,0.01728624535315985
85,7,Manitoba,3,2021,57620,1178,1391979.0,3.0,958899.0,849694.0,3.0,0.6888746166429235,0.6104215652678668,1742.0,40.0,88869.0,0.0008462771349280413,2.873606570214062e-05,0.04139430264393357,0.001251455661328224,0.022962112514351322
86,8,Manitoba,3,2021,58608,1189,,,983935.0,914349.0,3.0,,,988.0,11.0,25036.0,,,,,0.011133603238866396
87,9,Manitoba,3,2021,60100,1208,,,1018930.0,959560.0,3.0,,,1492.0,19.0,34995.0,,,,,0.012734584450402145
88,10,Manitoba,4,2021,63450,1247,1395430.0,4.0,1046884.0,1004618.0,4.0,0.7502232286821984,0.7199343571515591,3350.0,39.0,27954.0,0.0008936313537762553,2.794837433622611e-05,0.04546985517009094,0.002400693692983525,0.011641791044776119
89,11,Manitoba,4,2021,67544,1311,,,1066767.0,1024753.0,4.0,,,4094.0,64.0,19883.0,,,,,0.015632633121641426
90,12,Manitoba,4,2021,74358,1370,,,1119954.0,1033967.0,4.0,,,6814.0,59.0,53187.0,,,,,0.008658643968300558
91,1,Manitoba,1,2022,118862,1543,1398303.0,1.0,1142241.0,1061548.0,1.0,0.8168765997069305,0.7591687924577148,44504.0,173.0,22287.0,0.0011034804330677971,0.00012372139657856703,0.08500446612787071,0.03182715048169102,0.0038872910300197733
92,2,Manitoba,1,2022,130277,1675,,,1150490.0,1093993.0,1.0,,,11415.0,132.0,8249.0,,,,,0.011563731931668857
93,3,Manitoba,1,2022,135214,1744,,,1153245.0,1105079.0,1.0,,,4937.0,69.0,2755.0,,,,,0.013976098845452704
94,4,Manitoba,2,2022,141973,1819,1401967.0,2.0,1147979.0,1103840.0,2.0,0.8188345374748478,0.7873509148218182,6759.0,75.0,-5266.0,0.0012974627790811053,5.3496266317252835e-05,0.10126700557145782,0.004821083520510825,0.011096316023080338
95,5,Manitoba,2,2022,144556,1980,,,1148563.0,1105592.0,2.0,,,2583.0,161.0,584.0,,,,,0.06233062330623306
96,6,Manitoba,2,2022,145498,2043,,,1149061.0,1106889.0,2.0,,,942.0,63.0,498.0,,,,,0.06687898089171974
97,7,Manitoba,3,2022,146524,2067,1409223.0,3.0,1149563.0,1107887.0,3.0,0.8157424339511915,0.7861686901221453,1026.0,24.0,502.0,0.0014667657283481748,1.7030661577337297e-05,0.10397502737324044,0.0007280607824311695,0.023391812865497075
98,8,Manitoba,3,2022,148428,2115,,,1151447.0,1108763.0,3.0,,,1904.0,48.0,1884.0,,,,,0.025210084033613446
99,9,Manitoba,3,2022,149908,2160,,,1154499.0,1109400.0,3.0,,,1480.0,45.0,3052.0,,,,,0.030405405405405407
100,10,Manitoba,4,2022,151730,2232,,,1156113.0,1109962.0,4.0,,,1822.0,72.0,1614.0,,,,,0.03951701427003293
101,11,Manitoba,4,2022,152345,2261,,,1157581.0,1111326.0,4.0,,,615.0,29.0,1468.0,,,,,0.04715447154471545
102,2,New Brunswick,1,2020,0,0,,,,,,,,,,,,,,,
103,3,New Brunswick,1,2020,51,0,,,,,,,,51.0,0.0,,,,,,0.0
104,4,New Brunswick,2,2020,118,0,782092.0,2.0,,,,,,67.0,0.0,,0.0,0.0,0.00015087739038374,8.566767081110662e-05,0.0
105,5,New Brunswick,2,2020,129,0,,,,,,,,11.0,0.0,,,,,,0.0
106,6,New Brunswick,2,2020,165,2,,,,,,,,36.0,2.0,,,,,,0.05555555555555555
107,7,New Brunswick,3,2020,170,2,782996.0,3.0,,,,,,5.0,0.0,,2.5542914650904984e-06,0.0,0.00021711477453269237,6.385728662726247e-06,0.0
108,8,New Brunswick,3,2020,191,2,,,,,,,,21.0,0.0,,,,,,0.0
109,9,New Brunswick,3,2020,200,2,,,,,,,,9.0,0.0,,,,,,0.0
110,10,New Brunswick,4,2020,343,6,783354.0,4.0,,,,,,143.0,4.0,,7.659372391026279e-06,5.106248260684186e-06,0.00043786078835366895,0.00018254837531945966,0.027972027972027972
111,11,New Brunswick,4,2020,481,7,,,,,,,,138.0,1.0,,,,,,0.007246376811594203
112,12,New Brunswick,4,2020,590,8,,,2606.0,0.0,4.0,,,109.0,1.0,,,,,,0.009174311926605505
113,1,New Brunswick,1,2021,1230,18,784472.0,1.0,12791.0,4465.0,1.0,0.0163052346036569,0.0056917264096105,640.0,10.0,10185.0,2.2945369624409792e-05,1.2747427569116553e-05,0.0015679335910013358,0.0008158353644234594,0.015625
114,2,New Brunswick,1,2021,1430,26,,,21686.0,12136.0,1.0,,,200.0,8.0,8895.0,,,,,0.04
115,3,New Brunswick,1,2021,1571,30,,,80202.0,12199.0,1.0,,,141.0,4.0,58516.0,,,,,0.028368794326241134
116,4,New Brunswick,2,2021,1847,35,786529.0,2.0,219402.0,24223.0,2.0,0.2789496636487656,0.0307973386868125,276.0,5.0,139200.0,4.449931280346942e-05,6.357044686209918e-06,0.0023482923070859436,0.0003509088666787874,0.018115942028985508
117,5,New Brunswick,2,2021,2191,43,,,432208.0,40896.0,2.0,,,344.0,8.0,212806.0,,,,,0.023255813953488372
118,6,New Brunswick,2,2021,2324,45,,,531232.0,199865.0,2.0,,,133.0,2.0,99024.0,,,,,0.015037593984962405
119,7,New Brunswick,3,2021,2365,46,790398.0,3.0,565140.0,469595.0,3.0,0.7150068699566547,0.5941247320969941,41.0,1.0,33908.0,5.819852783028297e-05,1.2651853876148473e-06,0.0029921634417091137,5.187260089220873e-05,0.024390243902439025
120,8,New Brunswick,3,2021,2738,46,,,581869.0,519791.0,3.0,,,373.0,0.0,16729.0,,,,,0.0
121,9,New Brunswick,3,2021,3768,54,,,613699.0,558164.0,3.0,,,1030.0,8.0,31830.0,,,,,0.007766990291262136
122,10,New Brunswick,4,2021,6413,116,795851.0,4.0,642512.0,597819.0,4.0,0.8073269996519449,0.7511695028340732,2645.0,62.0,28813.0,0.00014575592667471674,7.790402977441757e-05,0.00805804101521516,0.003323486431505395,0.023440453686200378
123,11,New Brunswick,4,2021,8172,123,,,650596.0,617755.0,4.0,,,1759.0,7.0,8084.0,,,,,0.003979533826037522
124,12,New Brunswick,4,2021,11896,152,,,677944.0,625614.0,4.0,,,3724.0,29.0,27348.0,,,,,0.007787325456498389
125,1,New Brunswick,1,2022,28442,228,799245.0,1.0,692969.0,637702.0,1.0,0.8670295090992124,0.7978804997216122,16546.0,76.0,15025.0,0.0002852692228290449,9.508974094301497e-05,0.03558608436712147,0.020702037547935863,0.0045932551674120635
126,2,New Brunswick,1,2022,36417,301,,,697325.0,654931.0,1.0,,,7975.0,73.0,4356.0,,,,,0.009153605015673982
127,3,New Brunswick,1,2022,48197,349,,,698387.0,658647.0,1.0,,,11780.0,48.0,1062.0,,,,,0.0040747028862478775
128,4,New Brunswick,2,2022,62148,399,802862.0,2.0,699082.0,660235.0,2.0,0.8707374368197772,0.822351786483854,13951.0,50.0,695.0,0.0004969720823753024,6.227720330517573e-05,0.07740807262020123,0.017376585266210134,0.0035839724750913915
129,5,New Brunswick,2,2022,65812,419,,,699634.0,661121.0,2.0,,,3664.0,20.0,552.0,,,,,0.0054585152838427945
130,6,New Brunswick,2,2022,67725,425,,,700332.0,662105.0,2.0,,,1913.0,6.0,698.0,,,,,0.0031364349189754314
131,7,New Brunswick,3,2022,72226,447,812061.0,3.0,700900.0,662796.0,3.0,0.8631125001693223,0.8161899167673364,4501.0,22.0,568.0,0.0005504512592034342,2.7091560855650007e-05,0.08894159428909897,0.005542687064149122,0.004887802710508776
132,8,New Brunswick,3,2022,75152,466,,,701527.0,663118.0,3.0,,,2926.0,19.0,627.0,,,,,0.006493506493506494
133,9,New Brunswick,3,2022,77460,485,,,703168.0,663952.0,3.0,,,2308.0,19.0,1641.0,,,,,0.008232235701906412
134,10,New Brunswick,4,2022,80715,592,,,703820.0,664490.0,4.0,,,3255.0,107.0,652.0,,,,,0.03287250384024577
135,11,New Brunswick,4,2022,81787,603,,,704159.0,664984.0,4.0,,,1072.0,11.0,339.0,,,,,0.010261194029850746
136,2,Newfoundland and Labrador,1,2020,0,0,,,,,,,,,,,,,,,
137,3,Newfoundland and Labrador,1,2020,120,0,,,,,,,,120.0,0.0,,,,,,0.0
138,4,Newfoundland and Labrador,2,2020,257,3,522505.0,2.0,,,,,,137.0,3.0,,5.741571850987072e-06,5.741571850987072e-06,0.0004918613219012258,0.00026219844786174297,0.021897810218978103
139,5,Newfoundland and Labrador,2,2020,261,3,,,,,,,,4.0,0.0,,,,,,0.0
140,6,Newfoundland and Labrador,2,2020,261,3,,,,,,,,0.0,0.0,,,,,,
141,7,Newfoundland and Labrador,3,2020,265,3,521359.0,3.0,,,,,,4.0,0.0,,5.7541924086857616e-06,0.0,0.0005082869961005757,7.67225654491435e-06,0.0
142,8,Newfoundland and Labrador,3,2020,269,3,,,,,,,,4.0,0.0,,,,,,0.0
143,9,Newfoundland and Labrador,3,2020,272,3,,,,,,,,3.0,0.0,,,,,,0.0
144,10,Newfoundland and Labrador,4,2020,291,4,520203.0,4.0,,,,,,19.0,1.0,,7.689305905579168e-06,1.922326476394792e-06,0.0005593970046308844,3.6524203051501046e-05,0.05263157894736842
145,11,Newfoundland and Labrador,4,2020,333,4,,,,,,,,42.0,0.0,,,,,,0.0
146,12,Newfoundland and Labrador,4,2020,384,4,,,1785.0,0.0,4.0,,,51.0,0.0,,,,,,0.0
147,1,Newfoundland and Labrador,1,2021,408,4,519736.0,1.0,8353.0,2762.0,1.0,0.0160716209768036,0.0053142364585097,24.0,0.0,6568.0,7.69621500146228e-06,0.0,0.0007850139301491527,4.6177290008773684e-05,0.0
148,2,Newfoundland and Labrador,1,2021,980,5,,,16623.0,8212.0,1.0,,,572.0,1.0,8270.0,,,,,0.0017482517482517483
149,3,Newfoundland and Labrador,1,2021,1015,6,,,51244.0,9647.0,1.0,,,35.0,1.0,34621.0,,,,,0.02857142857142857
150,4,Newfoundland and Labrador,2,2021,1056,6,519694.0,2.0,147423.0,9696.0,2.0,0.2836726997040566,0.0186571328512547,41.0,0.0,96179.0,1.154525547726162e-05,0.0,0.002031964963998045,7.889257909462107e-05,0.0
151,5,Newfoundland and Labrador,2,2021,1302,6,,,290038.0,11446.0,2.0,,,246.0,0.0,142615.0,,,,,0.0
152,6,Newfoundland and Labrador,2,2021,1384,7,,,378807.0,79374.0,2.0,,,82.0,1.0,88769.0,,,,,0.012195121951219513
153,7,Newfoundland and Labrador,3,2021,1437,7,520452.0,3.0,403456.0,268363.0,3.0,0.7752030926963486,0.5156344869459624,53.0,0.0,24649.0,1.3449847440301892e-05,0.0,0.00276106153881626,0.00010183455919085718,0.0
154,8,Newfoundland and Labrador,3,2021,1469,7,,,416570.0,362859.0,3.0,,,32.0,0.0,13114.0,,,,,0.0
155,9,Newfoundland and Labrador,3,2021,1668,7,,,426570.0,387043.0,3.0,,,199.0,0.0,10000.0,,,,,0.0
156,10,Newfoundland and Labrador,4,2021,1992,16,521854.0,4.0,451476.0,419100.0,4.0,0.8651385253346722,0.8030981845497016,324.0,9.0,24906.0,3.0659916375078086e-05,1.7246202960981423e-05,0.0038171595886972217,0.0006208633065953313,0.027777777777777776
157,11,Newfoundland and Labrador,4,2021,2048,18,,,461243.0,438506.0,4.0,,,56.0,2.0,9767.0,,,,,0.03571428571428571
158,12,Newfoundland and Labrador,4,2021,2512,18,,,485454.0,447320.0,4.0,,,464.0,0.0,24211.0,,,,,0.0
159,1,Newfoundland and Labrador,1,2022,16966,38,522501.0,1.0,495133.0,458347.0,1.0,0.9476211528781764,0.8772174598708902,14454.0,20.0,9679.0,7.272713353658653e-05,3.827743870346659e-05,0.032470751252150716,0.027663104950995308,0.0013837000138370002
160,2,Newfoundland and Labrador,1,2022,23443,65,,,497920.0,473994.0,1.0,,,6477.0,27.0,2787.0,,,,,0.0041685965724872626
161,3,Newfoundland and Labrador,1,2022,36624,100,,,498548.0,477452.0,1.0,,,13181.0,35.0,628.0,,,,,0.0026553372278279343
162,4,Newfoundland and Labrador,2,2022,44251,165,523043.0,2.0,498904.0,478765.0,2.0,0.9538489187313473,0.9153453922526448,7627.0,65.0,356.0,0.00031546163508545185,0.00012427276533669317,0.08460298675252322,0.014581975095737826,0.008522354792185657
163,5,Newfoundland and Labrador,2,2022,45964,183,,,499354.0,479708.0,2.0,,,1713.0,18.0,450.0,,,,,0.010507880910683012
164,6,Newfoundland and Labrador,2,2022,47773,193,,,499706.0,480313.0,2.0,,,1809.0,10.0,352.0,,,,,0.00552791597567717
165,7,Newfoundland and Labrador,3,2022,49748,207,525972.0,3.0,500017.0,480724.0,3.0,0.9506532667138174,0.9139726069068316,1975.0,14.0,311.0,0.0003935570714790901,2.6617386476846676e-05,0.09458298160358346,0.003754952735126585,0.007088607594936709
166,8,Newfoundland and Labrador,3,2022,51111,227,,,501184.0,481112.0,3.0,,,1363.0,20.0,1167.0,,,,,0.014673514306676448
167,9,Newfoundland and Labrador,3,2022,51743,239,,,502160.0,481372.0,3.0,,,632.0,12.0,976.0,,,,,0.0189873417721519
168,10,Newfoundland and Labrador,4,2022,52802,257,,,502638.0,481608.0,4.0,,,1059.0,18.0,478.0,,,,,0.0169971671388102
169,11,Newfoundland and Labrador,4,2022,53150,268,,,503396.0,482298.0,4.0,,,348.0,11.0,758.0,,,,,0.031609195402298854
170,2,Northwest Territories,1,2020,0,0,,,,,,,,,,,,,,,
171,3,Northwest Territories,1,2020,1,0,,,,,,,,1.0,0.0,,,,,,0.0
172,4,Northwest Territories,2,2020,5,0,45351.0,2.0,,,,,,4.0,0.0,,0.0,0.0,0.0001102511521245397,8.820092169963177e-05,0.0
173,5,Northwest Territories,2,2020,5,0,,,,,,,,0.0,0.0,,,,,,
174,6,Northwest Territories,2,2020,5,0,,,,,,,,0.0,0.0,,,,,,
175,7,Northwest Territories,3,2020,5,0,45346.0,3.0,,,,,,0.0,0.0,,0.0,0.0,0.00011026330878136991,0.0,
176,8,Northwest Territories,3,2020,5,0,,,,,,,,0.0,0.0,,,,,,
177,9,Northwest Territories,3,2020,5,0,,,,,,,,0.0,0.0,,,,,,
178,10,Northwest Territories,4,2020,10,0,45275.0,4.0,,,,,,5.0,0.0,,0.0,0.0,0.00022087244616234125,0.00011043622308117063,0.0
179,11,Northwest Territories,4,2020,15,0,,,,,,,,5.0,0.0,,,,,,0.0
180,12,Northwest Territories,4,2020,24,0,,,0.0,0.0,4.0,,,9.0,0.0,,,,,,0.0
181,1,Northwest Territories,1,2021,31,0,45355.0,1.0,12240.0,118.0,1.0,0.2698710175283871,0.0026016977180024,7.0,0.0,12240.0,0.0,0.0,0.0006834968581192813,0.00015433800022048285,0.0
182,2,Northwest Territories,1,2021,42,0,,,15214.0,4558.0,1.0,,,11.0,0.0,2974.0,,,,,0.0
183,3,Northwest Territories,1,2021,42,0,,,23721.0,13931.0,1.0,,,0.0,0.0,8507.0,,,,,
184,4,Northwest Territories,2,2021,49,0,45660.0,2.0,25856.0,20941.0,2.0,0.5662724485326325,0.4586289969338589,7.0,0.0,2135.0,0.0,0.0,0.001073149364870784,0.00015330705212439772,0.0
185,5,Northwest Territories,2,2021,128,0,,,29585.0,23919.0,2.0,,,79.0,0.0,3729.0,,,,,0.0
186,6,Northwest Territories,2,2021,128,0,,,26936.0,23785.0,2.0,,,0.0,0.0,-2649.0,,,,,
187,7,Northwest Territories,3,2021,128,0,45597.0,3.0,28084.0,25966.0,3.0,0.6159177138846854,0.5694672895146611,0.0,0.0,1148.0,0.0,0.0,0.002807202228216769,0.0,
188,8,Northwest Territories,3,2021,380,1,,,29276.0,27263.0,3.0,,,252.0,1.0,1192.0,,,,,0.003968253968253968
189,9,Northwest Territories,3,2021,870,2,,,30187.0,28240.0,3.0,,,490.0,1.0,911.0,,,,,0.0020408163265306124
190,10,Northwest Territories,4,2021,1847,10,45607.0,4.0,31342.0,29512.0,4.0,0.6872190672484487,0.6470936479049268,977.0,8.0,1155.0,0.000219264586576622,0.0001754116692612976,0.04049816914070208,0.02142215010853597,0.008188331627430911
191,11,Northwest Territories,4,2021,2055,12,,,32084.0,30474.0,4.0,,,208.0,2.0,742.0,,,,,0.009615384615384616
192,12,Northwest Territories,4,2021,2088,12,,,34048.0,31045.0,4.0,,,33.0,0.0,1964.0,,,,,0.0
193,1,Northwest Territories,1,2022,5607,15,45710.0,1.0,34725.0,32141.0,1.0,0.7596805950557864,0.7031502953401881,3519.0,3.0,677.0,0.00032815576460293154,6.56311529205863e-05,0.1226646248085758,0.07698534237584774,0.0008525149190110827
194,2,Northwest Territories,1,2022,8656,19,,,34961.0,33217.0,1.0,,,3049.0,4.0,236.0,,,,,0.0013119055428009183
195,3,Northwest Territories,1,2022,10374,21,,,35049.0,33463.0,1.0,,,1718.0,2.0,88.0,,,,,0.0011641443538998836
196,4,Northwest Territories,2,2022,11348,22,45698.0,2.0,35085.0,33580.0,2.0,0.7677578887478664,0.7348242811501597,974.0,1.0,36.0,0.00048142150641165913,2.1882795745984508e-05,0.24832596612543217,0.02131384305658891,0.001026694045174538
197,5,Northwest Territories,2,2022,11466,22,,,35127.0,33662.0,2.0,,,118.0,0.0,42.0,,,,,0.0
198,6,Northwest Territories,2,2022,11508,22,,,35159.0,33706.0,2.0,,,42.0,0.0,32.0,,,,,0.0
199,2,Nova Scotia,1,2020,0,0,,,,,,,,,,,,,,,
200,3,Nova Scotia,1,2020,102,0,,,,,,,,102.0,0.0,,,,,,0.0
201,4,Nova Scotia,2,2020,849,20,979075.0,2.0,,,,,,747.0,20.0,,2.0427444271378596e-05,2.0427444271378596e-05,0.0008671450093200215,0.0007629650435359906,0.02677376171352075
202,5,Nova Scotia,2,2020,1055,59,,,,,,,,206.0,39.0,,,,,,0.18932038834951456
203,6,Nova Scotia,2,2020,1061,63,,,,,,,,6.0,4.0,,,,,,0.6666666666666666
204,7,Nova Scotia,3,2020,1067,63,981691.0,3.0,,,,,,6.0,0.0,,6.417497970338935e-05,0.0,0.0010869000530716896,6.111902828894224e-06,0.0
205,8,Nova Scotia,3,2020,1084,65,,,,,,,,17.0,2.0,,,,,,0.11764705882352941
206,9,Nova Scotia,3,2020,1087,65,,,,,,,,3.0,0.0,,,,,,0.0
207,10,Nova Scotia,4,2020,1110,65,981266.0,4.0,,,,,,23.0,0.0,,6.624095810921809e-05,0.0,0.0011311917461728012,2.3439108254031018e-05,0.0
208,11,Nova Scotia,4,2020,1272,65,,,,,,,,162.0,0.0,,,,,,0.0
209,12,Nova Scotia,4,2020,1469,65,,,2218.0,0.0,4.0,,,197.0,0.0,,,,,,0.0
210,1,Nova Scotia,1,2021,1578,65,981793.0,1.0,12090.0,2729.0,1.0,0.012314204725436,0.0027796083288432,109.0,0.0,9872.0,6.620540174965598e-05,0.0,0.0016072634455531868,0.00011102136601096158,0.0
211,2,Nova Scotia,1,2021,1633,65,,,19734.0,12618.0,1.0,,,55.0,0.0,7644.0,,,,,0.0
212,3,Nova Scotia,1,2021,1705,66,,,64681.0,24294.0,1.0,,,72.0,1.0,44947.0,,,,,0.013888888888888888
213,4,Nova Scotia,2,2021,2034,67,985238.0,2.0,238566.0,34815.0,2.0,0.2421404777322839,0.0353366394718839,329.0,1.0,173885.0,6.800387317582148e-05,1.0149831817286788e-06,0.0020644757916361326,0.00033392946678873533,0.00303951367781155
214,5,Nova Scotia,2,2021,5501,83,,,537868.0,43461.0,2.0,,,3467.0,16.0,299302.0,,,,,0.004614940871070089
215,6,Nova Scotia,2,2021,5820,91,,,698309.0,168241.0,2.0,,,319.0,8.0,160441.0,,,,,0.025078369905956112
216,7,Nova Scotia,3,2021,5886,93,991117.0,3.0,736474.0,617379.0,3.0,0.7430747328519236,0.622912330229428,66.0,2.0,38165.0,9.383352318646538e-05,2.0179252298164594e-06,0.005938753951349841,6.659153258394316e-05,0.030303030303030304
217,8,Nova Scotia,3,2021,6014,94,,,755395.0,687598.0,3.0,,,128.0,1.0,18921.0,,,,,0.0078125
218,9,Nova Scotia,3,2021,6511,95,,,778358.0,721789.0,3.0,,,497.0,1.0,22963.0,,,,,0.002012072434607646
219,10,Nova Scotia,4,2021,7371,100,998387.0,4.0,809673.0,763168.0,4.0,0.8109811125345182,0.7644009787787701,860.0,5.0,31315.0,0.00010016156059724336,5.008078029862168e-06,0.0073829086316228075,0.0008613894211362929,0.005813953488372093
220,11,Nova Scotia,4,2021,8183,109,,,823590.0,790048.0,4.0,,,812.0,9.0,13917.0,,,,,0.011083743842364532
221,12,Nova Scotia,4,2021,14301,111,,,868894.0,803331.0,4.0,,,6118.0,2.0,45304.0,,,,,0.00032690421706440013
222,1,Nova Scotia,1,2022,37200,142,1002441.0,1.0,887053.0,813733.0,1.0,0.884892976244986,0.8117515145529762,22899.0,31.0,18159.0,0.00014165422204399063,3.0924513263124714e-05,0.037109415915749656,0.022843239652009444,0.0013537709070265077
223,2,Nova Scotia,1,2022,45351,192,,,896522.0,843118.0,1.0,,,8151.0,50.0,9469.0,,,,,0.00613421666053245
224,3,Nova Scotia,1,2022,53825,241,,,898705.0,849216.0,1.0,,,8474.0,49.0,2183.0,,,,,0.005782393202737786
225,4,Nova Scotia,2,2022,89225,330,1007360.0,2.0,899803.0,853043.0,2.0,0.893228835768742,0.8468104749047014,35400.0,89.0,1098.0,0.0003275889453621347,8.83497458703939e-05,0.08857310196950445,0.03514135959339263,0.0025141242937853107
226,5,Nova Scotia,2,2022,99688,397,,,900733.0,855308.0,2.0,,,10463.0,67.0,930.0,,,,,0.006403517155691484
227,6,Nova Scotia,2,2022,106633,441,,,901462.0,856948.0,2.0,,,6945.0,44.0,729.0,,,,,0.0063354931605471565
228,7,Nova Scotia,3,2022,115417,468,1019725.0,3.0,902193.0,858015.0,3.0,0.8847414744171223,0.8414180293706637,8784.0,27.0,731.0,0.0004589472651940474,2.647772683811812e-05,0.11318443698055848,0.008614087131334429,0.0030737704918032786
229,8,Nova Scotia,3,2022,121380,496,,,905508.0,859437.0,3.0,,,5963.0,28.0,3315.0,,,,,0.004695623008552742
230,9,Nova Scotia,3,2022,125474,541,,,907253.0,860389.0,3.0,,,4094.0,45.0,1745.0,,,,,0.010991695163654128
231,10,Nova Scotia,4,2022,130534,598,,,908614.0,861971.0,4.0,,,5060.0,57.0,1361.0,,,,,0.011264822134387351
232,11,Nova Scotia,4,2022,131825,628,,,909865.0,863894.0,4.0,,,1291.0,30.0,1251.0,,,,,0.023237800154918668
233,2,Nunavut,1,2020,0,0,,,,,,,,,,,,,,,
234,3,Nunavut,1,2020,0,0,,,,,,,,0.0,0.0,,,,,,
235,4,Nunavut,2,2020,0,0,38834.0,2.0,,,,,,0.0,0.0,,0.0,0.0,0.0,0.0,
236,5,Nunavut,2,2020,0,0,,,,,,,,0.0,0.0,,,,,,
237,6,Nunavut,2,2020,0,0,,,,,,,,0.0,0.0,,,,,,
238,7,Nunavut,3,2020,0,0,39157.0,3.0,,,,,,0.0,0.0,,0.0,0.0,0.0,0.0,
239,8,Nunavut,3,2020,0,0,,,,,,,,0.0,0.0,,,,,,
240,9,Nunavut,3,2020,0,0,,,,,,,,0.0,0.0,,,,,,
241,10,Nunavut,4,2020,0,0,39254.0,4.0,,,,,,0.0,0.0,,0.0,0.0,0.0,0.0,
242,11,Nunavut,4,2020,166,0,,,,,,,,166.0,0.0,,,,,,0.0
243,12,Nunavut,4,2020,264,1,,,0.0,0.0,4.0,,,98.0,1.0,,,,,,0.01020408163265306
244,1,Nunavut,1,2021,289,1,39405.0,1.0,5464.0,0.0,1.0,0.13866260626824,0.0,25.0,0.0,5464.0,2.537749016622256e-05,0.0,0.00733409465803832,0.0006344372541555641,0.0
245,2,Nunavut,1,2021,356,1,,,7396.0,5081.0,1.0,,,67.0,0.0,1932.0,,,,,0.0
246,3,Nunavut,1,2021,395,4,,,13141.0,6857.0,1.0,,,39.0,3.0,5745.0,,,,,0.07692307692307693
247,4,Nunavut,2,2021,453,4,39519.0,2.0,15158.0,12180.0,2.0,0.3835623371036716,0.3082061793061565,58.0,0.0,2017.0,0.00010121713606113515,0.0,0.011462840658923557,0.0014676484728864596,0.0
248,5,Nunavut,2,2021,645,4,,,17230.0,14943.0,2.0,,,192.0,0.0,2072.0,,,,,0.0
249,6,Nunavut,2,2021,657,4,,,21050.0,16151.0,2.0,,,12.0,0.0,3820.0,,,,,0.0
250,7,Nunavut,3,2021,657,4,39711.0,3.0,22920.0,19808.0,3.0,0.5771700536375312,0.4988038578731334,0.0,0.0,1870.0,0.00010072775805192516,0.0,0.016544534260028707,0.0,
251,8,Nunavut,3,2021,657,4,,,23696.0,20880.0,3.0,,,0.0,0.0,776.0,,,,,
252,9,Nunavut,3,2021,663,4,,,24701.0,21655.0,3.0,,,6.0,0.0,1005.0,,,,,0.0
253,10,Nunavut,4,2021,674,4,39921.0,4.0,26260.0,22977.0,4.0,0.6577991533278225,0.5755617344254903,11.0,0.0,1559.0,0.00010019789083439794,0.0,0.01688334460559605,0.0002755441997945943,0.0
254,11,Nunavut,4,2021,674,4,,,27196.0,24010.0,4.0,,,0.0,0.0,936.0,,,,,
255,12,Nunavut,4,2021,695,4,,,30150.0,25173.0,4.0,,,21.0,0.0,2954.0,,,,,0.0
256,1,Nunavut,1,2022,1657,5,40003.0,1.0,31672.0,26536.0,1.0,0.791740619453541,0.6633502487313452,962.0,1.0,1522.0,0.00012499062570307226,2.4998125140614454e-05,0.04142189335799815,0.024048196385271104,0.0010395010395010396
257,2,Nunavut,1,2022,2690,5,,,32635.0,28597.0,1.0,,,1033.0,0.0,963.0,,,,,0.0
258,3,Nunavut,1,2022,3441,6,,,32932.0,29419.0,1.0,,,751.0,1.0,297.0,,,,,0.0013315579227696406
259,4,Nunavut,2,2022,3506,7,40403.0,2.0,33105.0,30036.0,2.0,0.819369848773606,0.7434101428111773,65.0,1.0,173.0,0.00017325446130237853,2.475063732891122e-05,0.08677573447516274,0.0016087914263792293,0.015384615384615385
260,2,Ontario,1,2020,8,0,,,,,,,,,,,,,,,
261,3,Ontario,1,2020,993,0,,,,,,,,985.0,0.0,,,,,,0.0
262,4,Ontario,2,2020,13995,807,14718133.0,2.0,,,,,,13002.0,807.0,,5.4830323927634026e-05,5.4830323927634026e-05,0.0009508678852134302,0.0008834000888563787,0.06206737425011537
263,5,Ontario,2,2020,27533,2227,,,,,,,,13538.0,1420.0,,,,,,0.10488993942975329
264,6,Ontario,2,2020,34476,2618,,,,,,,,6943.0,391.0,,,,,,0.05631571366844303
265,7,Ontario,3,2020,38543,2722,14726022.0,3.0,,,,,,4067.0,104.0,,0.00018484285844473137,7.062328169820743e-06,0.002617339563936547,0.0002761777756409708,0.025571674452913695
266,8,Ontario,3,2020,42083,2771,,,,,,,,3540.0,49.0,,,,,,0.01384180790960452
267,9,Ontario,3,2020,49340,2799,,,,,,,,7257.0,28.0,,,,,,0.0038583436681824445
268,10,Ontario,4,2020,75730,3085,14721852.0,4.0,,,,,,26390.0,286.0,,0.00020955243946210028,1.9426903625984013e-05,0.005144053886698494,0.0017925733800339793,0.01083743842364532
269,11,Ontario,4,2020,113038,3548,,,,,,,,37308.0,463.0,,,,,,0.012410206926128445
270,12,Ontario,4,2020,169411,4258,,,,,,,,56373.0,710.0,,,,,,0.012594681851240842
271,1,Ontario,1,2021,266363,6005,14740102.0,1.0,270795.0,68849.0,1.0,0.0183713111347533,0.0046708632002682,96952.0,1747.0,,0.0004073920248313071,0.00011852021105417045,0.018070634789365773,0.006577430739624461,0.018019226008746596
272,2,Ontario,1,2021,299754,6783,,,425162.0,261923.0,1.0,,,33391.0,778.0,154367.0,,,,,0.02329969153364679
273,3,Ontario,1,2021,340692,7111,,,1672351.0,309157.0,1.0,,,40938.0,328.0,1247189.0,,,,,0.008012115882554106
274,4,Ontario,2,2021,441404,7663,14773618.0,2.0,4268812.0,360337.0,2.0,0.2889483131349409,0.0243905724379769,100712.0,552.0,2596461.0,0.0005186948789389302,3.7363900975373804e-05,0.02987785388792373,0.006817016657666389,0.005480975454762094
275,5,Ontario,2,2021,529510,8478,,,8298869.0,689636.0,2.0,,,88106.0,815.0,4030057.0,,,,,0.009250221324313895
276,6,Ontario,2,2021,543917,8858,,,9864684.0,4169080.0,2.0,,,14407.0,380.0,1565815.0,,,,,0.02637606718956063
277,7,Ontario,3,2021,550436,9079,14809257.0,3.0,10485065.0,9037576.0,3.0,0.7080074982829996,0.6102653225614222,6519.0,221.0,620381.0,0.0006130624919265025,1.4923098437686644e-05,0.03716837380835514,0.00044019764124560737,0.03390090504678632
278,8,Ontario,3,2021,563591,9227,,,10797333.0,9913501.0,3.0,,,13155.0,148.0,312268.0,,,,,0.011250475104522996
279,9,Ontario,3,2021,583275,9422,,,11191067.0,10464086.0,3.0,,,19684.0,195.0,393734.0,,,,,0.009906523064417801
280,10,Ontario,4,2021,599615,9586,14901607.0,4.0,11497222.0,11020020.0,4.0,0.7715424249210169,0.739518898867753,16340.0,164.0,306155.0,0.0006432863247567863,1.100552443773346e-05,0.04023827765689969,0.0010965260323936876,0.01003671970624235
281,11,Ontario,4,2021,616051,9705,,,11678129.0,11253853.0,4.0,,,16436.0,119.0,180907.0,,,,,0.007240204429301534
282,12,Ontario,4,2021,687336,9857,,,12114044.0,11352387.0,4.0,,,71285.0,152.0,435915.0,,,,,0.002132285894648243
283,1,Ontario,1,2022,1026291,10945,14940912.0,1.0,12396636.0,11677203.0,1.0,0.8297107967706389,0.7815589168853949,338955.0,1088.0,282592.0,0.0007325523368319149,7.282018661243705e-05,0.06868998358333146,0.022686366133472975,0.0032098656163797555
284,2,Ontario,1,2022,1098695,11939,,,12489709.0,11947990.0,1.0,,,72404.0,994.0,93073.0,,,,,0.013728523286006298
285,3,Ontario,1,2022,1151090,12397,,,12518007.0,12042918.0,1.0,,,52395.0,458.0,28298.0,,,,,0.008741292108025576
286,4,Ontario,2,2022,1258137,12825,14996014.0,2.0,12537186.0,12083146.0,2.0,0.8360345622510088,0.8057571832088181,107047.0,428.0,19179.0,0.0008552272623911927,2.85409176065053e-05,0.0838980945203172,0.007138363567812086,0.003998243762085813
287,5,Ontario,2,2022,1301018,13223,,,12555600.0,12110509.0,2.0,,,42881.0,398.0,18414.0,,,,,0.009281499965019473
288,6,Ontario,2,2022,1321827,13388,,,12566850.0,12130628.0,2.0,,,20809.0,165.0,11250.0,,,,,0.007929261377288672
289,7,Ontario,3,2022,1371369,13656,15109416.0,3.0,12573708.0,12144279.0,3.0,0.8321769683222701,0.8037556845347299,49542.0,268.0,6858.0,0.0009038072682623869,1.7737283823544206e-05,0.09076254171570894,0.0032788825193508474,0.005409551491663639
290,8,Ontario,3,2022,1411638,13986,,,12611718.0,12161242.0,3.0,,,40269.0,330.0,38010.0,,,,,0.008194889368993518
291,9,Ontario,3,2022,1444227,14312,,,12644274.0,12176392.0,3.0,,,32589.0,326.0,32556.0,,,,,0.010003375372058056
292,10,Ontario,4,2022,1492399,14765,,,12658798.0,12189717.0,4.0,,,48172.0,453.0,14524.0,,,,,0.009403803039109856
293,11,Ontario,4,2022,1507773,15016,,,12670372.0,12204172.0,4.0,,,15374.0,251.0,11574.0,,,,,0.016326265122934825
294,2,Prince Edward Island,1,2020,0,0,,,,,,,,,,,,,,,
295,3,Prince Edward Island,1,2020,13,0,,,,,,,,13.0,0.0,,,,,,0.0
296,4,Prince Edward Island,2,2020,27,0,160390.0,2.0,,,,,,14.0,0.0,,0.0,0.0,0.00016833967204937965,8.728723735893759e-05,0.0
297,5,Prince Edward Island,2,2020,27,0,,,,,,,,0.0,0.0,,,,,,
298,6,Prince Edward Island,2,2020,27,0,,,,,,,,0.0,0.0,,,,,,
299,7,Prince Edward Island,3,2020,36,0,161305.0,3.0,,,,,,9.0,0.0,,0.0,0.0,0.00022317969064815103,5.579492266203776e-05,0.0
300,8,Prince Edward Island,3,2020,44,0,,,,,,,,8.0,0.0,,,,,,0.0
301,9,Prince Edward Island,3,2020,58,0,,,,,,,,14.0,0.0,,,,,,0.0
302,10,Prince Edward Island,4,2020,64,0,161455.0,4.0,,,,,,6.0,0.0,,0.0,0.0,0.0003963952804186925,3.716205753925242e-05,0.0
303,11,Prince Edward Island,4,2020,71,0,,,,,,,,7.0,0.0,,,,,,0.0
304,12,Prince Edward Island,4,2020,94,0,,,1147.0,0.0,4.0,,,23.0,0.0,,,,,,0.0
305,1,Prince Edward Island,1,2021,112,0,161662.0,1.0,5281.0,2565.0,1.0,0.0326669223441501,0.0158664373816976,18.0,0.0,4134.0,0.0,0.0,0.0006928035036062897,0.00011134342022243941,0.0
306,2,Prince Edward Island,1,2021,127,0,,,7366.0,5212.0,1.0,,,15.0,0.0,2085.0,,,,,0.0
307,3,Prince Edward Island,1,2021,156,0,,,15297.0,6399.0,1.0,,,29.0,0.0,7931.0,,,,,0.0
308,4,Prince Edward Island,2,2021,176,0,162866.0,2.0,39598.0,10279.0,2.0,0.2431323910453993,0.0631132341925263,20.0,0.0,24301.0,0.0,0.0,0.0010806429825746318,0.00012280033892893543,0.0
309,5,Prince Edward Island,2,2021,202,0,,,79894.0,13430.0,2.0,,,26.0,0.0,40296.0,,,,,0.0
310,6,Prince Edward Island,2,2021,207,0,,,114423.0,28349.0,2.0,,,5.0,0.0,34529.0,,,,,0.0
311,7,Prince Edward Island,3,2021,208,0,164758.0,3.0,124520.0,80243.0,3.0,0.7557751368674055,0.4870355308998652,1.0,0.0,10097.0,0.0,0.0,0.0012624576651816604,6.06950800568106e-06,0.0
312,8,Prince Edward Island,3,2021,230,0,,,128206.0,113247.0,3.0,,,22.0,0.0,3686.0,,,,,0.0
313,9,Prince Edward Island,3,2021,292,0,,,131514.0,121117.0,3.0,,,62.0,0.0,3308.0,,,,,0.0
314,10,Prince Edward Island,4,2021,317,0,166435.0,4.0,136054.0,128396.0,4.0,0.8174602697749872,0.7714483131552858,25.0,0.0,4540.0,0.0,0.0,0.0019046474599693575,0.00015020879021840358,0.0
315,11,Prince Edward Island,4,2021,366,0,,,138096.0,132372.0,4.0,,,49.0,0.0,2042.0,,,,,0.0
316,12,Prince Edward Island,4,2021,737,0,,,143591.0,134022.0,4.0,,,371.0,0.0,5495.0,,,,,0.0
317,1,Prince Edward Island,1,2022,7462,10,166858.0,1.0,148228.0,137055.0,1.0,0.888348176293615,0.8213870476692756,6725.0,10.0,4637.0,5.9931198983566867e-05,5.9931198983566867e-05,0.04472066068153759,0.04030373131644872,0.001486988847583643
318,2,Prince Edward Island,1,2022,13361,16,,,149486.0,141198.0,1.0,,,5899.0,6.0,1258.0,,,,,0.0010171215460247499
319,3,Prince Edward Island,1,2022,24747,17,,,149858.0,143316.0,1.0,,,11386.0,1.0,372.0,,,,,8.782715615668365e-05
320,4,Prince Edward Island,2,2022,34935,26,168358.0,2.0,150047.0,143778.0,2.0,0.8912377196212832,0.8540015918459474,10188.0,9.0,189.0,0.00015443281578540966,5.345751315648796e-05,0.2075042469024341,0.06051390489314437,0.0008833922261484099
321,5,Prince Edward Island,2,2022,37850,33,,,150208.0,144156.0,2.0,,,2915.0,7.0,161.0,,,,,0.0024013722126929675
322,6,Prince Edward Island,2,2022,40460,45,,,150342.0,144404.0,2.0,,,2610.0,12.0,134.0,,,,,0.004597701149425287
323,7,Prince Edward Island,3,2022,46818,49,170688.0,3.0,150494.0,144589.0,3.0,0.8816905699287589,0.8470952849643795,6358.0,4.0,152.0,0.0002870734908136483,2.3434570678665168e-05,0.2742899325084364,0.037249250093738286,0.0006291286568103177
324,8,Prince Edward Island,3,2022,49834,54,,,151064.0,144876.0,3.0,,,3016.0,5.0,570.0,,,,,0.0016578249336870027
325,9,Prince Edward Island,3,2022,51604,60,,,151533.0,145045.0,3.0,,,1770.0,6.0,469.0,,,,,0.003389830508474576
326,10,Prince Edward Island,4,2022,53561,69,,,151856.0,145396.0,4.0,,,1957.0,9.0,323.0,,,,,0.004598875830352581
327,11,Prince Edward Island,4,2022,53977,74,,,151856.0,145396.0,4.0,,,416.0,5.0,0.0,,,,,0.01201923076923077
328,2,Quebec,1,2020,0,0,,,,,,,,,,,,,,,
329,3,Quebec,1,2020,2368,44,,,,,,,,2368.0,44.0,,,,,,0.018581081081081082
330,4,Quebec,2,2020,22279,2092,8574709.0,2.0,,,,,,19911.0,2048.0,,0.00024397329402082334,0.00023884192454811003,0.002598222283694992,0.0023220613084362395,0.10285771683993772
331,5,Quebec,2,2020,44400,5137,,,,,,,,22121.0,3045.0,,,,,,0.1376520048822386
332,6,Quebec,2,2020,48230,5613,,,,,,,,3830.0,476.0,,,,,,0.12428198433420365
333,7,Quebec,3,2020,51498,5715,8576595.0,3.0,,,,,,3268.0,102.0,,0.0006663483585268979,1.1892831595755659e-05,0.0060044807991982835,0.0003810369966169558,0.031211750305997554
334,8,Quebec,3,2020,55193,5782,,,,,,,,3695.0,67.0,,,,,,0.018132611637347768
335,9,Quebec,3,2020,65273,5852,,,,,,,,10080.0,70.0,,,,,,0.006944444444444444
336,10,Quebec,4,2020,99959,6364,8578733.0,4.0,,,,,,34686.0,512.0,,0.0007418344876801737,5.9682472924614856e-05,0.011651953732561672,0.004043254405982795,0.014760998673816526
337,11,Quebec,4,2020,133885,7147,,,,,,,,33926.0,783.0,,,,,,0.023079643930908448
338,12,Quebec,4,2020,186322,8255,,,17216.0,0.0,4.0,,,52437.0,1108.0,,,,,,0.021130118046417606
339,1,Quebec,1,2021,254884,9984,8579010.0,1.0,239497.0,,1.0,0.0279166244123739,,68562.0,1729.0,222281.0,0.0011637706448646172,0.0002015384059466069,0.02971018800537591,0.00799183122528124,0.02521805081532044
340,2,Quebec,1,2021,279518,10518,,,431743.0,,1.0,,,24634.0,534.0,192246.0,,,,,0.02167735649914752
341,3,Quebec,1,2021,301134,10730,,,1218798.0,,1.0,,,21616.0,212.0,787055.0,,,,,0.009807549962990377
342,4,Quebec,2,2021,339011,10960,8585460.0,2.0,2773237.0,51745.0,2.0,0.3230155402273145,0.0060270503851861,37877.0,230.0,1554439.0,0.0012765769102645636,2.67894789562819e-05,0.03948664369760036,0.004411761280117781,0.006072286611928083
343,5,Quebec,2,2021,364996,11200,,,5077148.0,558178.0,2.0,,,25985.0,240.0,2303911.0,,,,,0.009236097748701174
344,6,Quebec,2,2021,369725,11264,,,5996065.0,2160492.0,2.0,,,4729.0,64.0,918917.0,,,,,0.013533516599703954
345,7,Quebec,3,2021,372896,11285,8602335.0,3.0,6239810.0,5016232.0,3.0,0.7253623580109354,0.5831244656247403,3171.0,21.0,243745.0,0.0013118531189496806,2.441197651567859e-06,0.04334823045138326,0.0003686208453867467,0.006622516556291391
346,8,Quebec,3,2021,383764,11297,,,6459256.0,5961147.0,3.0,,,10868.0,12.0,219446.0,,,,,0.001104158998895841
347,9,Quebec,3,2021,403084,11372,,,6655867.0,6348319.0,3.0,,,19320.0,75.0,196611.0,,,,,0.0038819875776397515
348,10,Quebec,4,2021,420963,11516,8630187.0,4.0,6771585.0,6570886.0,4.0,0.7846394290181661,0.7613839653764165,17879.0,144.0,115718.0,0.0013343859177095468,1.6685617588587594e-05,0.04877796970100416,0.002071681644905261,0.008054141730521842
349,11,Quebec,4,2021,440435,11592,,,6879325.0,6661236.0,4.0,,,19472.0,76.0,107740.0,,,,,0.0039030402629416597
350,12,Quebec,4,2021,547901,11713,,,7237204.0,6730721.0,4.0,,,107466.0,121.0,357879.0,,,,,0.001125937505815793
351,1,Quebec,1,2022,861296,13425,8637650.0,1.0,7347364.0,6921928.0,1.0,0.8506207128096184,0.8013670384884778,313395.0,1712.0,110160.0,0.0015542421839273414,0.00019820205727252204,0.09971415836483302,0.03628243793161334,0.005462754670623335
352,2,Quebec,1,2022,920179,14216,,,7378905.0,7100097.0,1.0,,,58883.0,791.0,31541.0,,,,,0.013433418813579472
353,3,Quebec,1,2022,957155,14560,,,7375911.0,7135530.0,1.0,,,36976.0,344.0,-2994.0,,,,,0.009303331890956296
354,4,Quebec,2,2022,1045754,15293,8650692.0,2.0,7383002.0,7154729.0,2.0,0.8534579661372755,0.8270701349672374,88599.0,733.0,7091.0,0.0017678354517765746,8.473310574460402e-05,0.12088674524535147,0.010241839612368582,0.00827323107484283
355,5,Quebec,2,2022,1068198,15631,,,7381371.0,7153225.0,2.0,,,22444.0,338.0,-1631.0,,,,,0.015059704152557477
356,6,Quebec,2,2022,1089727,15752,,,7386846.0,7163818.0,2.0,,,21529.0,121.0,5475.0,,,,,0.005620326071810116
357,7,Quebec,3,2022,1147773,16199,8695659.0,3.0,7379815.0,7160009.0,3.0,0.8486780587877238,0.823400388630695,58046.0,447.0,-7031.0,0.0018628835376364229,5.140495964710668e-05,0.13199379138487377,0.006675284759901464,0.0077007890293904835
358,8,Quebec,3,2022,1175614,16569,,,6992043.0,,3.0,,,27841.0,370.0,-387772.0,,,,,0.013289752523257066
359,9,Quebec,3,2022,1196148,16756,,,7001338.0,,3.0,,,20534.0,187.0,9295.0,,,,,0.009106847180286355
360,10,Quebec,4,2022,1227241,17051,,,7007061.0,,4.0,,,31093.0,295.0,5723.0,,,,,0.009487666034155597
361,11,Quebec,4,2022,1238235,17151,,,7012548.0,,4.0,,,10994.0,100.0,5487.0,,,,,0.00909587047480444
362,2,Saskatchewan,1,2020,0,0,,,,,,,,,,,,,,,
363,3,Saskatchewan,1,2020,134,0,,,,,,,,134.0,0.0,,,,,,0.0
364,4,Saskatchewan,2,2020,349,4,1179409.0,2.0,,,,,,215.0,4.0,,3.3915291472254323e-06,3.3915291472254323e-06,0.000295910918095419,0.000182294691663367,0.018604651162790697
365,5,Saskatchewan,2,2020,645,10,,,,,,,,296.0,6.0,,,,,,0.02027027027027027
366,6,Saskatchewan,2,2020,777,13,,,,,,,,132.0,3.0,,,,,,0.022727272727272728
367,7,Saskatchewan,3,2020,1136,16,1178467.0,3.0,,,,,,359.0,3.0,,1.3576960576749285e-05,2.545680108140491e-06,0.0009639642009491992,0.00030463305294081206,0.008356545961002786
368,8,Saskatchewan,3,2020,1615,24,,,,,,,,479.0,8.0,,,,,,0.016701461377870562
369,9,Saskatchewan,3,2020,1863,24,,,,,,,,248.0,0.0,,,,,,0.0
370,10,Saskatchewan,4,2020,3144,25,1177980.0,4.0,,,,,,1281.0,1.0,,2.1222771184570197e-05,8.489108473828079e-07,0.002668975704171548,0.0010874547954973768,0.00078064012490242
371,11,Saskatchewan,4,2020,7888,45,,,,,,,,4744.0,20.0,,,,,,0.0042158516020236085
372,12,Saskatchewan,4,2020,14615,134,,,1783.0,0.0,4.0,,,6727.0,89.0,,,,,,0.01323026609186859
373,1,Saskatchewan,1,2021,23626,300,1179119.0,1.0,27229.0,3072.0,1.0,0.0230926649473038,0.0026053350001144,9011.0,166.0,25446.0,0.00025442724610493086,0.00014078307617806175,0.020036993721583657,0.007642146382171774,0.01842192875374542
374,2,Saskatchewan,1,2021,28506,385,,,46304.0,23462.0,1.0,,,4880.0,85.0,19075.0,,,,,0.017418032786885244
375,3,Saskatchewan,1,2021,32783,430,,,134582.0,36299.0,1.0,,,4277.0,45.0,88278.0,,,,,0.010521393500116905
376,4,Saskatchewan,2,2021,39683,473,1181040.0,2.0,360112.0,43598.0,2.0,0.3049109259635575,0.0369149224412382,6900.0,43.0,225530.0,0.00040049447944184787,3.640858904016799e-05,0.03360004741583689,0.0058423084738874215,0.006231884057971014
377,5,Saskatchewan,2,2021,46464,537,,,642416.0,83214.0,2.0,,,6781.0,64.0,282304.0,,,,,0.00943813596814629
378,6,Saskatchewan,2,2021,48706,566,,,709997.0,402730.0,2.0,,,2242.0,29.0,67581.0,,,,,0.012934879571810883
379,7,Saskatchewan,3,2021,50024,578,1181493.0,3.0,749397.0,648037.0,3.0,0.6342796783391861,0.5484899191108199,1318.0,12.0,39400.0,0.0004892115315114012,1.0156640792624248e-05,0.042339649917519616,0.0011155377137232298,0.009104704097116844
380,8,Saskatchewan,3,2021,53617,597,,,768596.0,687339.0,3.0,,,3593.0,19.0,19199.0,,,,,0.0052880601168939605
381,9,Saskatchewan,3,2021,64949,667,,,805652.0,722744.0,3.0,,,11332.0,70.0,37056.0,,,,,0.006177197317331451
382,10,Saskatchewan,4,2021,77494,850,1182984.0,4.0,856404.0,788759.0,4.0,0.7239354040291331,0.6667537346236297,12545.0,183.0,50752.0,0.0007185219749379535,0.0001546935546042888,0.06550722579510797,0.010604539030113679,0.014587485053806297
383,11,Saskatchewan,4,2021,80848,921,,,886161.0,825785.0,4.0,,,3354.0,71.0,29757.0,,,,,0.021168753726893263
384,12,Saskatchewan,4,2021,83086,945,,,925351.0,844535.0,4.0,,,2238.0,24.0,39190.0,,,,,0.010723860589812333
385,1,Saskatchewan,1,2022,116511,989,1185311.0,1.0,947640.0,886024.0,1.0,0.7994863795240237,0.7475033978424228,33425.0,44.0,22289.0,0.0008343801753295126,3.7121059367541515e-05,0.09829572154480976,0.02819935021272898,0.0013163799551234106
386,2,Saskatchewan,1,2022,128263,1137,,,952107.0,897725.0,1.0,,,11752.0,148.0,4467.0,,,,,0.01259360108917631
387,3,Saskatchewan,1,2022,132172,1232,,,953659.0,902005.0,1.0,,,3909.0,95.0,1552.0,,,,,0.02430289076490151
388,4,Saskatchewan,2,2022,136667,1324,1188338.0,2.0,954862.0,904384.0,2.0,0.8035272792757616,0.7610494657243982,4495.0,92.0,1203.0,0.0011141611225089158,7.741905080877663e-05,0.11500684148785952,0.003782593841146206,0.020467185761957732
389,5,Saskatchewan,2,2022,138558,1386,,,956011.0,906170.0,2.0,,,1891.0,62.0,1149.0,,,,,0.03278688524590164
390,6,Saskatchewan,2,2022,139661,1427,,,956978.0,907599.0,2.0,,,1103.0,41.0,967.0,,,,,0.0371713508612874
391,7,Saskatchewan,3,2022,141051,1459,1194803.0,3.0,957815.0,908652.0,3.0,0.8016509834675675,0.7605036144033787,1390.0,32.0,837.0,0.001221121808365061,2.6782657894230263e-05,0.11805377120747103,0.001163371702280627,0.02302158273381295
392,8,Saskatchewan,3,2022,142781,1503,,,961405.0,909178.0,3.0,,,1730.0,44.0,3590.0,,,,,0.025433526011560695
393,9,Saskatchewan,3,2022,144704,1550,,,964698.0,910408.0,3.0,,,1923.0,47.0,3293.0,,,,,0.024440977639105563
394,10,Saskatchewan,4,2022,147688,1640,,,966450.0,912116.0,4.0,,,2984.0,90.0,1752.0,,,,,0.030160857908847184
395,11,Saskatchewan,4,2022,148288,1662,,,968768.0,914297.0,4.0,,,600.0,22.0,2318.0,,,,,0.03666666666666667
396,2,Yukon,1,2020,0,0,,,,,,,,,,,,,,,
397,3,Yukon,1,2020,4,0,,,,,,,,4.0,0.0,,,,,,0.0
398,4,Yukon,2,2020,11,0,42015.0,2.0,,,,,,7.0,0.0,,0.0,0.0,0.000261811257884089,0.00016660716410805664,0.0
399,5,Yukon,2,2020,11,0,,,,,,,,0.0,0.0,,,,,,
400,6,Yukon,2,2020,11,0,,,,,,,,0.0,0.0,,,,,,
401,7,Yukon,3,2020,14,0,42163.0,3.0,,,,,,3.0,0.0,,0.0,0.0,0.00033204468372743874,7.11524322273083e-05,0.0
402,8,Yukon,3,2020,15,0,,,,,,,,1.0,0.0,,,,,,0.0
403,9,Yukon,3,2020,15,0,,,,,,,,0.0,0.0,,,,,,
404,10,Yukon,4,2020,23,1,42327.0,4.0,,,,,,8.0,1.0,,2.362558177995133e-05,2.362558177995133e-05,0.0005433883809388806,0.00018900465423961064,0.125
405,11,Yukon,4,2020,44,1,,,,,,,,21.0,0.0,,,,,,0.0
406,12,Yukon,4,2020,60,1,,,0.0,0.0,4.0,,,16.0,0.0,,,,,,0.0
407,1,Yukon,1,2021,70,1,42401.0,1.0,7355.0,0.0,1.0,0.1734628900261786,0.0,10.0,0.0,7355.0,2.358434942572109e-05,0.0,0.0016509044598004765,0.0002358434942572109,0.0
408,2,Yukon,1,2021,72,1,,,10959.0,4802.0,1.0,,,2.0,0.0,3604.0,,,,,0.0
409,3,Yukon,1,2021,73,1,,,23028.0,10760.0,1.0,,,1.0,0.0,12069.0,,,,,0.0
410,4,Yukon,2,2021,80,1,42719.0,2.0,24817.0,21527.0,2.0,0.5809358833306023,0.5039209719328636,7.0,0.0,1789.0,2.3408787658887146e-05,0.0,0.0018727030127109717,0.00016386151361221004,0.0
411,5,Yukon,2,2021,84,2,,,27042.0,24149.0,2.0,,,4.0,1.0,2225.0,,,,,0.25
412,6,Yukon,2,2021,264,4,,,30432.0,26660.0,2.0,,,180.0,2.0,3390.0,,,,,0.011111111111111112
413,7,Yukon,3,2021,596,7,43250.0,3.0,31869.0,29571.0,3.0,0.7368554913294798,0.6837225433526012,332.0,3.0,1437.0,0.00016184971098265897,6.936416184971098e-05,0.01378034682080925,0.007676300578034682,0.009036144578313253
414,8,Yukon,3,2021,684,8,,,32419.0,30628.0,3.0,,,88.0,1.0,550.0,,,,,0.011363636363636364
415,9,Yukon,3,2021,747,9,,,32699.0,31159.0,3.0,,,63.0,1.0,280.0,,,,,0.015873015873015872
416,10,Yukon,4,2021,923,10,43373.0,4.0,33328.0,31797.0,4.0,0.7684043068268277,0.733105849261061,176.0,1.0,629.0,0.00023055818135706544,2.3055818135706546e-05,0.02128052013925714,0.004057823991884352,0.005681818181818182
417,11,Yukon,4,2021,1486,13,,,33892.0,32312.0,4.0,,,563.0,3.0,564.0,,,,,0.0053285968028419185
418,12,Yukon,4,2021,1668,14,,,35825.0,32811.0,4.0,,,182.0,1.0,1933.0,,,,,0.005494505494505495
419,1,Yukon,1,2022,3076,16,43241.0,1.0,36341.0,33356.0,1.0,0.840429222265905,0.7713975162461553,1408.0,2.0,516.0,0.00037001919474572743,4.625239934321593e-05,0.0711361901898661,0.032561689137624014,0.0014204545454545455
420,2,Yukon,1,2022,3438,21,,,36501.0,34612.0,1.0,,,362.0,5.0,160.0,,,,,0.013812154696132596
421,3,Yukon,1,2022,3737,24,,,36538.0,34996.0,1.0,,,299.0,3.0,37.0,,,,,0.010033444816053512
422,4,Yukon,2,2022,4203,25,43518.0,2.0,36571.0,35176.0,2.0,0.8403649064754815,0.8083092053862769,466.0,1.0,33.0,0.0005744749299140586,2.2978997196562344e-05,0.09658072521715153,0.010708212693598052,0.002145922746781116
423,5,Yukon,2,2022,4381,26,,,36640.0,35308.0,2.0,,,178.0,1.0,69.0,,,,,0.0056179775280898875
424,6,Yukon,2,2022,4456,26,,,36658.0,35388.0,2.0,,,75.0,0.0,18.0,,,,,0.0
425,7,Yukon,3,2022,4682,26,43789.0,3.0,36677.0,35451.0,3.0,0.8375847815661468,0.8095868825504122,226.0,0.0,19.0,0.0005937564228459203,0.0,0.10692182968325378,0.005161113521660691,0.0
426,8,Yukon,3,2022,4817,30,,,36651.0,35440.0,3.0,,,135.0,4.0,-26.0,,,,,0.02962962962962963
427,9,Yukon,3,2022,4891,31,,,36851.0,35517.0,3.0,,,74.0,1.0,200.0,,,,,0.013513513513513514
428,10,Yukon,4,2022,4954,32,,,36884.0,35567.0,4.0,,,63.0,1.0,33.0,,,,,0.015873015873015872
429,11,Yukon,4,2022,4974,32,,,37018.0,35664.0,4.0,,,20.0,0.0,134.0,,,,,0.0
